Query,Channel,Video Title,Video Description,Video ID,Comment,Comment ID,Replies,Likes
accident,BeamNG-FUN,Train Accidents | BeamNG.drive,"For the first time, a working train is available in the BeamNG.drive sandbox simulation game. This video tests the train against various vehicles and objects ...",AzrZ1pepEjM,„Å™„Çì„ÅßÊ©üÈñ¢Ëªä„Åå„Éó„É´„É≥„Éó„É´„É≥„Åó„Å¶„Çã„Çì„Å†„Çàwww,Ugy9qJRWwwaOKON90K94AaABAg,426,591
accident,BeamNG-FUN,Train Accidents | BeamNG.drive,"For the first time, a working train is available in the BeamNG.drive sandbox simulation game. This video tests the train against various vehicles and objects ...",AzrZ1pepEjM,üòÇüòÇüòÇ,UgyB6NHs5fhJqGN3Yb94AaABAg,0,2
accident,BeamNG-FUN,Train Accidents | BeamNG.drive,"For the first time, a working train is available in the BeamNG.drive sandbox simulation game. This video tests the train against various vehicles and objects ...",AzrZ1pepEjM,Nwt,UgzXsmFK6ikprOLL__h4AaABAg,0,0
accident,BeamNG-FUN,Train Accidents | BeamNG.drive,"For the first time, a working train is available in the BeamNG.drive sandbox simulation game. This video tests the train against various vehicles and objects ...",AzrZ1pepEjM,HSV.   Cricket. Hamburg,UgwoCYHObivdHh-NnYp4AaABAg,0,1
accident,BeamNG-FUN,Train Accidents | BeamNG.drive,"For the first time, a working train is available in the BeamNG.drive sandbox simulation game. This video tests the train against various vehicles and objects ...",AzrZ1pepEjM,Merhaba benim adim Fuat,UgyRSGTkKRQMZdPIn7V4AaABAg,0,2
accident,BeamNG-FUN,Train Accidents | BeamNG.drive,"For the first time, a working train is available in the BeamNG.drive sandbox simulation game. This video tests the train against various vehicles and objects ...",AzrZ1pepEjM,That‚Äôs some jiggly train,UgyjPJoU3porx5yk8w94AaABAg,0,10
accident,BeamNG-FUN,Train Accidents | BeamNG.drive,"For the first time, a working train is available in the BeamNG.drive sandbox simulation game. This video tests the train against various vehicles and objects ...",AzrZ1pepEjM,This is literally the best video ever,UgyDNRgDolu5WnpGzD14AaABAg,0,1
accident,BeamNG-FUN,Train Accidents | BeamNG.drive,"For the first time, a working train is available in the BeamNG.drive sandbox simulation game. This video tests the train against various vehicles and objects ...",AzrZ1pepEjM,Is just me who makes train sounds while watching this?,UgzzGN8zUOu6Aw630tp4AaABAg,1,4
accident,BeamNG-FUN,Train Accidents | BeamNG.drive,"For the first time, a working train is available in the BeamNG.drive sandbox simulation game. This video tests the train against various vehicles and objects ...",AzrZ1pepEjM,P I have,UgzQPqD4HbJqqrWv7DZ4AaABAg,0,0
accident,BeamNG-FUN,Train Accidents | BeamNG.drive,"For the first time, a working train is available in the BeamNG.drive sandbox simulation game. This video tests the train against various vehicles and objects ...",AzrZ1pepEjM,L,UgwOf_WUcsaFyk7gU0t4AaABAg,0,5
accident,BeamNG-FUN,Train Accidents | BeamNG.drive,"For the first time, a working train is available in the BeamNG.drive sandbox simulation game. This video tests the train against various vehicles and objects ...",AzrZ1pepEjM,The good train,UgwxP6vZ2VjWYwlgDbF4AaABAg,0,5
accident,BeamNG-FUN,Train Accidents | BeamNG.drive,"For the first time, a working train is available in the BeamNG.drive sandbox simulation game. This video tests the train against various vehicles and objects ...",AzrZ1pepEjM,ÈõªËªä„É§„Éê„Ç§www,UgxdHd4uUz6HVZrtXwl4AaABAg,3,11
accident,BeamNG-FUN,Train Accidents | BeamNG.drive,"For the first time, a working train is available in the BeamNG.drive sandbox simulation game. This video tests the train against various vehicles and objects ...",AzrZ1pepEjM,·Éî·É°,UgyVEfAIsjcyO2yXBvR4AaABAg,0,0
accident,BeamNG-FUN,Train Accidents | BeamNG.drive,"For the first time, a working train is available in the BeamNG.drive sandbox simulation game. This video tests the train against various vehicles and objects ...",AzrZ1pepEjM,OMG so many views,Ugwlby-QpmswRGUAjjN4AaABAg,2,10
accident,BeamNG-FUN,Train Accidents | BeamNG.drive,"For the first time, a working train is available in the BeamNG.drive sandbox simulation game. This video tests the train against various vehicles and objects ...",AzrZ1pepEjM,Do you know the mod for this train? Please tell me.,Ugx4kQ18M76zucEdgRt4AaABAg,0,1
accident,BeamNG-FUN,Train Accidents | BeamNG.drive,"For the first time, a working train is available in the BeamNG.drive sandbox simulation game. This video tests the train against various vehicles and objects ...",AzrZ1pepEjM,"3:10 ""Stop! It's the police.""",Ugx1UsmAlfGXnvJdg2l4AaABAg,1,2
accident,BeamNG-FUN,Train Accidents | BeamNG.drive,"For the first time, a working train is available in the BeamNG.drive sandbox simulation game. This video tests the train against various vehicles and objects ...",AzrZ1pepEjM,Love dddfx can not get f,UgwVx9FGk73ijV__PDd4AaABAg,0,3
accident,BeamNG-FUN,Train Accidents | BeamNG.drive,"For the first time, a working train is available in the BeamNG.drive sandbox simulation game. This video tests the train against various vehicles and objects ...",AzrZ1pepEjM,TX g in uni jazz,UgwNLV4PQGvW52cHLYF4AaABAg,1,2
accident,BeamNG-FUN,Train Accidents | BeamNG.drive,"For the first time, a working train is available in the BeamNG.drive sandbox simulation game. This video tests the train against various vehicles and objects ...",AzrZ1pepEjM,Happy birthday,UgyIXOoVZEa_iBhQf8Z4AaABAg,1,1
accident,BeamNG-FUN,Train Accidents | BeamNG.drive,"For the first time, a working train is available in the BeamNG.drive sandbox simulation game. This video tests the train against various vehicles and objects ...",AzrZ1pepEjM,"I am Korean. You video is so nice
So, I am fun when I watch your video.",UgzhsLYf0oUBBIxxRlt4AaABAg,4,12
accident,ABS-CBN Entertainment,Escalator Accident | EP 91 | FlordeLiza,Beth (Desiree del Valle) got into an accident because of Liza (Rhed Bustamante) and Daisy (Valerie Concepcion). Subscribe to ABS-CBN Entertainment ...,rRw8CaO1FxI,"nobody:
literally nobody:

subtitles: [Asian Scream]",UgzwVyjhlWVucKlxQjp4AaABAg,17,379
accident,ABS-CBN Entertainment,Escalator Accident | EP 91 | FlordeLiza,Beth (Desiree del Valle) got into an accident because of Liza (Rhed Bustamante) and Daisy (Valerie Concepcion). Subscribe to ABS-CBN Entertainment ...,rRw8CaO1FxI,"Is it bad that I laughed when it said ""Asian Scream"" I didn't know races had different screams... üòÇ sorry",Ugwr-jwlyEOyMYqA3nx4AaABAg,7,194
accident,ABS-CBN Entertainment,Escalator Accident | EP 91 | FlordeLiza,Beth (Desiree del Valle) got into an accident because of Liza (Rhed Bustamante) and Daisy (Valerie Concepcion). Subscribe to ABS-CBN Entertainment ...,rRw8CaO1FxI,I SEARCHED UP FALLING UP THE STAIRS AND GOT THIS AHHHHHH,Ugx4d4zjKQnSMLf613x4AaABAg,37,399
accident,ABS-CBN Entertainment,Escalator Accident | EP 91 | FlordeLiza,Beth (Desiree del Valle) got into an accident because of Liza (Rhed Bustamante) and Daisy (Valerie Concepcion). Subscribe to ABS-CBN Entertainment ...,rRw8CaO1FxI,How did she even get in the middle of the thing whatever,Ugw6j8vcJsy---vgqid4AaABAg,22,489
accident,ABS-CBN Entertainment,Escalator Accident | EP 91 | FlordeLiza,Beth (Desiree del Valle) got into an accident because of Liza (Rhed Bustamante) and Daisy (Valerie Concepcion). Subscribe to ABS-CBN Entertainment ...,rRw8CaO1FxI,"""ASIAN SCREAMS""
""ASIAN CRYING""
""LITYLE ASIAN GIRL SCREAMS""

I CANT",Ugw161iodMFHSA-ytnF4AaABAg,9,209
accident,ABS-CBN Entertainment,Escalator Accident | EP 91 | FlordeLiza,Beth (Desiree del Valle) got into an accident because of Liza (Rhed Bustamante) and Daisy (Valerie Concepcion). Subscribe to ABS-CBN Entertainment ...,rRw8CaO1FxI,"As a Filipino, this is both embarrassing and funny at the same time üíÄ",Ugzt-klp1sJynBfIda14AaABAg,15,331
accident,ABS-CBN Entertainment,Escalator Accident | EP 91 | FlordeLiza,Beth (Desiree del Valle) got into an accident because of Liza (Rhed Bustamante) and Daisy (Valerie Concepcion). Subscribe to ABS-CBN Entertainment ...,rRw8CaO1FxI,"*nobody*
*literally nobody*
*The subtitles* 
Asian scream
Little Asian girl screaming



üòÉüòÉüòÉüòÉ",Ugwa0eJVuiUzGXRcw914AaABAg,0,7
accident,ABS-CBN Entertainment,Escalator Accident | EP 91 | FlordeLiza,Beth (Desiree del Valle) got into an accident because of Liza (Rhed Bustamante) and Daisy (Valerie Concepcion). Subscribe to ABS-CBN Entertainment ...,rRw8CaO1FxI,"Girl: *goes up escalator *
Still the girl: teleports in middle of the escalator",UgxAY6NgJVi44LWR_f94AaABAg,7,109
accident,ABS-CBN Entertainment,Escalator Accident | EP 91 | FlordeLiza,Beth (Desiree del Valle) got into an accident because of Liza (Rhed Bustamante) and Daisy (Valerie Concepcion). Subscribe to ABS-CBN Entertainment ...,rRw8CaO1FxI,"Liza: crying
Captions : little Asian girl crying",Ugz7KBXB8JeXhaTi2r94AaABAg,31,514
accident,ABS-CBN Entertainment,Escalator Accident | EP 91 | FlordeLiza,Beth (Desiree del Valle) got into an accident because of Liza (Rhed Bustamante) and Daisy (Valerie Concepcion). Subscribe to ABS-CBN Entertainment ...,rRw8CaO1FxI,"‚ÄúASIAN SCREAM‚Äù
‚ÄúLITTLE ASIAN GIRL SCREAMING‚Äù
LMAO IM DEADDD WHY PUT RACE INTO THIS üò≠ üò≠",UgxNuDXuqyfmbG2H6P54AaABAg,0,24
accident,ABS-CBN Entertainment,Escalator Accident | EP 91 | FlordeLiza,Beth (Desiree del Valle) got into an accident because of Liza (Rhed Bustamante) and Daisy (Valerie Concepcion). Subscribe to ABS-CBN Entertainment ...,rRw8CaO1FxI,"kid MOOOOOOOOM
Mom: dies",Ugw43KKJRiarfz1cWvx4AaABAg,2,48
accident,ABS-CBN Entertainment,Escalator Accident | EP 91 | FlordeLiza,Beth (Desiree del Valle) got into an accident because of Liza (Rhed Bustamante) and Daisy (Valerie Concepcion). Subscribe to ABS-CBN Entertainment ...,rRw8CaO1FxI,2:51 Subtitles ASIAN SCREAM,Ugycd2qVXnMo4TLJPdl4AaABAg,0,12
accident,ABS-CBN Entertainment,Escalator Accident | EP 91 | FlordeLiza,Beth (Desiree del Valle) got into an accident because of Liza (Rhed Bustamante) and Daisy (Valerie Concepcion). Subscribe to ABS-CBN Entertainment ...,rRw8CaO1FxI,"No one:

Literally no one:

Subtitles:
[Asian girl screaming]
[Little Asian girl screaming]",Ugxj89yB0TTPnJgX1xN4AaABAg,0,21
accident,ABS-CBN Entertainment,Escalator Accident | EP 91 | FlordeLiza,Beth (Desiree del Valle) got into an accident because of Liza (Rhed Bustamante) and Daisy (Valerie Concepcion). Subscribe to ABS-CBN Entertainment ...,rRw8CaO1FxI,i searched up ‚Äúbaby running up stairs meme.‚Äù and i ran into this üåù,UgwfNvSChNKnz8actM54AaABAg,0,22
accident,ABS-CBN Entertainment,Escalator Accident | EP 91 | FlordeLiza,Beth (Desiree del Valle) got into an accident because of Liza (Rhed Bustamante) and Daisy (Valerie Concepcion). Subscribe to ABS-CBN Entertainment ...,rRw8CaO1FxI,"Captions:
Asian Scream
Little Asian Girl Crying",Ugw0mloOKQZUIZPBJLF4AaABAg,0,3
accident,ABS-CBN Entertainment,Escalator Accident | EP 91 | FlordeLiza,Beth (Desiree del Valle) got into an accident because of Liza (Rhed Bustamante) and Daisy (Valerie Concepcion). Subscribe to ABS-CBN Entertainment ...,rRw8CaO1FxI,"No one:
The subtitles at the end
Asian Scream
Asian girl crying",Ugy0KnlDcURfS1g20Vh4AaABAg,0,8
accident,ABS-CBN Entertainment,Escalator Accident | EP 91 | FlordeLiza,Beth (Desiree del Valle) got into an accident because of Liza (Rhed Bustamante) and Daisy (Valerie Concepcion). Subscribe to ABS-CBN Entertainment ...,rRw8CaO1FxI,0:16 old people when they see someone with tattoos,UgzKklb8E5IKxp2MJJF4AaABAg,0,4
accident,ABS-CBN Entertainment,Escalator Accident | EP 91 | FlordeLiza,Beth (Desiree del Valle) got into an accident because of Liza (Rhed Bustamante) and Daisy (Valerie Concepcion). Subscribe to ABS-CBN Entertainment ...,rRw8CaO1FxI,When the mom fell I burstedüíÄüò≠-,UgwAxS5QqMx4Zr4Bn5d4AaABAg,1,11
accident,ABS-CBN Entertainment,Escalator Accident | EP 91 | FlordeLiza,Beth (Desiree del Valle) got into an accident because of Liza (Rhed Bustamante) and Daisy (Valerie Concepcion). Subscribe to ABS-CBN Entertainment ...,rRw8CaO1FxI,So your telling me that this little girl climbed in there while the escalator went up? I guess Thats not the weirdest thing I‚Äôve seen,UgxK44OEQmcKaqAIOmt4AaABAg,0,33
accident,ABS-CBN Entertainment,Escalator Accident | EP 91 | FlordeLiza,Beth (Desiree del Valle) got into an accident because of Liza (Rhed Bustamante) and Daisy (Valerie Concepcion). Subscribe to ABS-CBN Entertainment ...,rRw8CaO1FxI,The little girl wanted to see if her mother do love her and the only way to find out is to test her by putting herself in danger in the escalator and see if her mother will save her.  This is because the stranger lady has been telling the little girl her mother doesn't love her and that the mother only loves Flor.,Ugw85am7Z9KuThwwAAR4AaABAg,0,8
accident,Railfan HS,2 trains accident? Illusion or reality ? Mega compilation of rarest diamond crossing of IR,Location:PFM NR LKO You can follow me on Instagram @Railfan HS.,ZGeAH6t2dkY,"""2 trains accident ?""...no one noticed that there is a question marküòÇüòÇüòÇ",UgzCqxJoX9lPBP0EFOx4AaABAg,4,77
accident,Railfan HS,2 trains accident? Illusion or reality ? Mega compilation of rarest diamond crossing of IR,Location:PFM NR LKO You can follow me on Instagram @Railfan HS.,ZGeAH6t2dkY,üë∞,UgwXR4hy7XHAM3K0-ll4AaABAg,0,4
accident,Railfan HS,2 trains accident? Illusion or reality ? Mega compilation of rarest diamond crossing of IR,Location:PFM NR LKO You can follow me on Instagram @Railfan HS.,ZGeAH6t2dkY,*Thanks For Sharing. Great footage! Best regards from Vietnam*,UgwCZtjquvlWkFNrRqV4AaABAg,0,1
accident,Railfan HS,2 trains accident? Illusion or reality ? Mega compilation of rarest diamond crossing of IR,Location:PFM NR LKO You can follow me on Instagram @Railfan HS.,ZGeAH6t2dkY,6:22 fooled us,UgzqriqBHgkKkjLOJsB4AaABAg,0,22
accident,Railfan HS,2 trains accident? Illusion or reality ? Mega compilation of rarest diamond crossing of IR,Location:PFM NR LKO You can follow me on Instagram @Railfan HS.,ZGeAH6t2dkY,I was studying . It was my rest time when i watched this . This video simply wasted my 9 minutes of rest time,Ugwkga46xPyr23KN7wB4AaABAg,1,40
accident,Railfan HS,2 trains accident? Illusion or reality ? Mega compilation of rarest diamond crossing of IR,Location:PFM NR LKO You can follow me on Instagram @Railfan HS.,ZGeAH6t2dkY,The Comments Helped Me Save My Time !,UgyNc82jze9yPppEabN4AaABAg,2,16
accident,Railfan HS,2 trains accident? Illusion or reality ? Mega compilation of rarest diamond crossing of IR,Location:PFM NR LKO You can follow me on Instagram @Railfan HS.,ZGeAH6t2dkY,üëâ,UgxfNBPHEajH5vV6KJ54AaABAg,0,6
accident,Railfan HS,2 trains accident? Illusion or reality ? Mega compilation of rarest diamond crossing of IR,Location:PFM NR LKO You can follow me on Instagram @Railfan HS.,ZGeAH6t2dkY,Wasted my time,UgwLcEHHd8MAWdDQoZZ4AaABAg,0,5
accident,Railfan HS,2 trains accident? Illusion or reality ? Mega compilation of rarest diamond crossing of IR,Location:PFM NR LKO You can follow me on Instagram @Railfan HS.,ZGeAH6t2dkY,thnkx 4 wasting our time,UgzhCbtEyzqoeDKE7Sd4AaABAg,3,90
accident,Railfan HS,2 trains accident? Illusion or reality ? Mega compilation of rarest diamond crossing of IR,Location:PFM NR LKO You can follow me on Instagram @Railfan HS.,ZGeAH6t2dkY,anyone who came here to see 2 trains collide just got click baited,UgzFD3LTNdCoUzqQfHd4AaABAg,0,5
accident,Railfan HS,2 trains accident? Illusion or reality ? Mega compilation of rarest diamond crossing of IR,Location:PFM NR LKO You can follow me on Instagram @Railfan HS.,ZGeAH6t2dkY,Only true seen me,Ugy26qD-FvzP0UKV5QJ4AaABAg,0,7
accident,Railfan HS,2 trains accident? Illusion or reality ? Mega compilation of rarest diamond crossing of IR,Location:PFM NR LKO You can follow me on Instagram @Railfan HS.,ZGeAH6t2dkY,"Just waste my time,,,,faltu",Ugy_0pvB8fjy0eyI8jV4AaABAg,0,3
accident,Railfan HS,2 trains accident? Illusion or reality ? Mega compilation of rarest diamond crossing of IR,Location:PFM NR LKO You can follow me on Instagram @Railfan HS.,ZGeAH6t2dkY,6:22,UgzfLXtf0BFcBSzUrkB4AaABAg,0,0
accident,Railfan HS,2 trains accident? Illusion or reality ? Mega compilation of rarest diamond crossing of IR,Location:PFM NR LKO You can follow me on Instagram @Railfan HS.,ZGeAH6t2dkY,"Actually this isn't a click bait because you can notice the ""question mark""
""Did the two trains really collide?"" "" to which the answer is in video NO.... üòÉ
Nice use of grammar ‡§¨‡§Ç‡§¶‡§æ reporter banega....",Ugwv-UhnYR4eESoHpLV4AaABAg,0,0
accident,Railfan HS,2 trains accident? Illusion or reality ? Mega compilation of rarest diamond crossing of IR,Location:PFM NR LKO You can follow me on Instagram @Railfan HS.,ZGeAH6t2dkY,Wasting of time in just 9 minutes,UgydvIeJzVN0VeO_TNV4AaABAg,0,1
accident,Railfan HS,2 trains accident? Illusion or reality ? Mega compilation of rarest diamond crossing of IR,Location:PFM NR LKO You can follow me on Instagram @Railfan HS.,ZGeAH6t2dkY,But I like train because I am a small girl there so fun in train,UgzqKGU-XRw8UcB0N7t4AaABAg,1,3
accident,Railfan HS,2 trains accident? Illusion or reality ? Mega compilation of rarest diamond crossing of IR,Location:PFM NR LKO You can follow me on Instagram @Railfan HS.,ZGeAH6t2dkY,"Lol thumbnail nyaüò≠
Bisa¬≤ nya gw ketipu, padahal ngedit nya dia ngasal lhoo",UgxbRNKu2sgBCEvbqoV4AaABAg,0,0
accident,Railfan HS,2 trains accident? Illusion or reality ? Mega compilation of rarest diamond crossing of IR,Location:PFM NR LKO You can follow me on Instagram @Railfan HS.,ZGeAH6t2dkY,2019,Ugwn8oqt-3AQRqhS5154AaABAg,0,0
accident,Railfan HS,2 trains accident? Illusion or reality ? Mega compilation of rarest diamond crossing of IR,Location:PFM NR LKO You can follow me on Instagram @Railfan HS.,ZGeAH6t2dkY,Love u,UgzhLDcAMe8fXjXh8X54AaABAg,0,1
accident,Railfan HS,2 trains accident? Illusion or reality ? Mega compilation of rarest diamond crossing of IR,Location:PFM NR LKO You can follow me on Instagram @Railfan HS.,ZGeAH6t2dkY,Where the train accidents you rascal,Ugylz_fZnYV0OMYU-rB4AaABAg,0,1
accident,Make Joke Of,MAKE JOKE OF ||MJO|| - ACCIDENT HO GAYA,Presenting MAKE JOKE OF`s new video - ACCIDENT HO GAYA See what happens when your ACCIDENT HO GAYA and your relatives take your class.... Keep ...,kaSJRHjURS4,"Accident Ho Gaya....
.
.
.
.
RABBA..RABBA ü§£",UgwCfLLUU1JeOeMzuv54AaABAg,500,18290
accident,Make Joke Of,MAKE JOKE OF ||MJO|| - ACCIDENT HO GAYA,Presenting MAKE JOKE OF`s new video - ACCIDENT HO GAYA See what happens when your ACCIDENT HO GAYA and your relatives take your class.... Keep ...,kaSJRHjURS4,2020 ?? *Bhai Tera notification aate he dil khush ho jata he...!!üòÜ üòÜüòÜüòÜ*,UgxaXg5ehwwDVRzRG4h4AaABAg,9,697
accident,Make Joke Of,MAKE JOKE OF ||MJO|| - ACCIDENT HO GAYA,Presenting MAKE JOKE OF`s new video - ACCIDENT HO GAYA See what happens when your ACCIDENT HO GAYA and your relatives take your class.... Keep ...,kaSJRHjURS4,Who is watching this in 2021?üëçüëç,UgwWsc9bI2o8-sB4sEZ4AaABAg,8,196
accident,Make Joke Of,MAKE JOKE OF ||MJO|| - ACCIDENT HO GAYA,Presenting MAKE JOKE OF`s new video - ACCIDENT HO GAYA See what happens when your ACCIDENT HO GAYA and your relatives take your class.... Keep ...,kaSJRHjURS4,No vulgar jokes...No Adult content....Bt laughter 100%....For all typ of ViewerüòÇüòÇüòÇüòÇüòÇüòÇüòÇüòÇüòÇüòÇüëçüëçüëçüëçüëç,UgzY6MQOF2gzeNDjNAR4AaABAg,0,111
accident,Make Joke Of,MAKE JOKE OF ||MJO|| - ACCIDENT HO GAYA,Presenting MAKE JOKE OF`s new video - ACCIDENT HO GAYA See what happens when your ACCIDENT HO GAYA and your relatives take your class.... Keep ...,kaSJRHjURS4,"Matlab do taange tooti ......üòÇ üòÇ üòÇ üòÇ üòÇ üòÇ 
 Do tooti..........
Ye kho ki dono tooti.......üëç üëç üëç üòÇ üòÇ",UgwtDPyYRSv5ZHgISeN4AaABAg,2,46
accident,Make Joke Of,MAKE JOKE OF ||MJO|| - ACCIDENT HO GAYA,Presenting MAKE JOKE OF`s new video - ACCIDENT HO GAYA See what happens when your ACCIDENT HO GAYA and your relatives take your class.... Keep ...,kaSJRHjURS4,You should be awarded with a best channel developer. Wow ! Best comedy. üòÇüòÇüòÇüòÇüòÇ,UgyJxfZpcKGO2ZxV6mJ4AaABAg,23,1064
accident,Make Joke Of,MAKE JOKE OF ||MJO|| - ACCIDENT HO GAYA,Presenting MAKE JOKE OF`s new video - ACCIDENT HO GAYA See what happens when your ACCIDENT HO GAYA and your relatives take your class.... Keep ...,kaSJRHjURS4,2021 wale attendence do,UgxoVjWxrYt6wVsn6-t4AaABAg,6,137
accident,Make Joke Of,MAKE JOKE OF ||MJO|| - ACCIDENT HO GAYA,Presenting MAKE JOKE OF`s new video - ACCIDENT HO GAYA See what happens when your ACCIDENT HO GAYA and your relatives take your class.... Keep ...,kaSJRHjURS4,"Who is watching after ""tapan""",UgwWMW_BQ82p3aYDjvV4AaABAg,5,90
accident,Make Joke Of,MAKE JOKE OF ||MJO|| - ACCIDENT HO GAYA,Presenting MAKE JOKE OF`s new video - ACCIDENT HO GAYA See what happens when your ACCIDENT HO GAYA and your relatives take your class.... Keep ...,kaSJRHjURS4,I will die laughing üòÇüòÇ,UgxwYLW5szn2XYEaVkB4AaABAg,0,9
accident,Make Joke Of,MAKE JOKE OF ||MJO|| - ACCIDENT HO GAYA,Presenting MAKE JOKE OF`s new video - ACCIDENT HO GAYA See what happens when your ACCIDENT HO GAYA and your relatives take your class.... Keep ...,kaSJRHjURS4,8:15 rip headphone users,Ugz5cp8d8T97jRFIXTZ4AaABAg,2,135
accident,Make Joke Of,MAKE JOKE OF ||MJO|| - ACCIDENT HO GAYA,Presenting MAKE JOKE OF`s new video - ACCIDENT HO GAYA See what happens when your ACCIDENT HO GAYA and your relatives take your class.... Keep ...,kaSJRHjURS4,üòÇüòÇBotih mast ha  üòÉüòÉüëåBotih Botih üëåüëåüëèüëèüëç,UgyehAO0yadKUROsp1l4AaABAg,13,215
accident,Make Joke Of,MAKE JOKE OF ||MJO|| - ACCIDENT HO GAYA,Presenting MAKE JOKE OF`s new video - ACCIDENT HO GAYA See what happens when your ACCIDENT HO GAYA and your relatives take your class.... Keep ...,kaSJRHjURS4,"6:26 Ekdam Manthra ......
Sorry ...... Ravan Laugh Voice üòÇüòÇüòÇüòÇ",UgzDe1SsrliMv3BohJx4AaABAg,0,20
accident,Make Joke Of,MAKE JOKE OF ||MJO|| - ACCIDENT HO GAYA,Presenting MAKE JOKE OF`s new video - ACCIDENT HO GAYA See what happens when your ACCIDENT HO GAYA and your relatives take your class.... Keep ...,kaSJRHjURS4,0:46 bhachak bhachak kick marte ja rahe ho üòÇüòÇ,UgyEE9tHjBASE06fBMN4AaABAg,2,208
accident,Make Joke Of,MAKE JOKE OF ||MJO|| - ACCIDENT HO GAYA,Presenting MAKE JOKE OF`s new video - ACCIDENT HO GAYA See what happens when your ACCIDENT HO GAYA and your relatives take your class.... Keep ...,kaSJRHjURS4,"‡§≤‡§æ‡§á‡§∏‡•á‡§Ç‡§∏ ‡§π‡•à ....‡§á‡§∏‡§ï‡§æ


‡§•‡§æ, ‡§´‡§ü ‡§ó‡§Ø‡§æüòÇüòÇüòÇüòÇüëåüëåüëåüëå",UgxDSXt6FWAjaMbbX1V4AaABAg,4,236
accident,Make Joke Of,MAKE JOKE OF ||MJO|| - ACCIDENT HO GAYA,Presenting MAKE JOKE OF`s new video - ACCIDENT HO GAYA See what happens when your ACCIDENT HO GAYA and your relatives take your class.... Keep ...,kaSJRHjURS4,8:37 best thing about mjo,UgygSzN7Wn24GZC4JaB4AaABAg,0,10
accident,Make Joke Of,MAKE JOKE OF ||MJO|| - ACCIDENT HO GAYA,Presenting MAKE JOKE OF`s new video - ACCIDENT HO GAYA See what happens when your ACCIDENT HO GAYA and your relatives take your class.... Keep ...,kaSJRHjURS4,And dada character is so funny üòÇüòÇ,UgxoPNWeuQSMrRQKfgh4AaABAg,0,140
accident,Make Joke Of,MAKE JOKE OF ||MJO|| - ACCIDENT HO GAYA,Presenting MAKE JOKE OF`s new video - ACCIDENT HO GAYA See what happens when your ACCIDENT HO GAYA and your relatives take your class.... Keep ...,kaSJRHjURS4,6:47 dard nhi hoy rha matlab khoon jam...phat gyi uskiüòÇ,Ugwi3f_FBTEoRGmuEDZ4AaABAg,0,108
accident,Make Joke Of,MAKE JOKE OF ||MJO|| - ACCIDENT HO GAYA,Presenting MAKE JOKE OF`s new video - ACCIDENT HO GAYA See what happens when your ACCIDENT HO GAYA and your relatives take your class.... Keep ...,kaSJRHjURS4,3:25 the boy was trying to poke his mobile .  Did anyone notice .  ü§£,UgyQGTn6j2Z9JbZGlDV4AaABAg,8,173
accident,Make Joke Of,MAKE JOKE OF ||MJO|| - ACCIDENT HO GAYA,Presenting MAKE JOKE OF`s new video - ACCIDENT HO GAYA See what happens when your ACCIDENT HO GAYA and your relatives take your class.... Keep ...,kaSJRHjURS4,I dont understand Y some people have given DISLIKE!! what else do they want.. OSCAR!!üòÇüòÅ,Ugxs_GKZz1t2V-32qP14AaABAg,6,111
accident,Make Joke Of,MAKE JOKE OF ||MJO|| - ACCIDENT HO GAYA,Presenting MAKE JOKE OF`s new video - ACCIDENT HO GAYA See what happens when your ACCIDENT HO GAYA and your relatives take your class.... Keep ...,kaSJRHjURS4,"At 5:23
‡§ú‡§æ‡§ï‡•Ä ‡§∞‡§π‡•Ä ‡§≠‡§æ‡§µ‡§®‡§æ ‡§ú‡•à‡§∏‡•Ä ‡§™‡•ç‡§∞‡§≠‡•Å ‡§Æ‡•Å‡§∞‡§§ ‡§¶‡•á‡§ñ‡•Ä ‡§§‡§ø‡§® ‡§§‡•à‡§∏‡•Ä
 üòÇüòÇ",UgzjZPAUVbq6cpe95-d4AaABAg,0,9
accident,Dude Perfect,Lightsaber Accident | OT 13,"Bonus points if you're still reading this! Comment if you want to see ""Willy Do It?"" Thanks for watching #Overtime13 Click here to learn more about Dude Perfect: ...",4MMdJHYHoiA,Glad ya'll liked OT 13!! Install Raid for Free ‚úÖ IOS: https://clik.cc/yBtRz ‚úÖ ANDROID: https://clik.cc/trDQq ‚úÖ PC: https://clik.cc/hhseC and get a special starter pack üí• Available only for the next 30 days!,Ugw2ZDZRg6zyalVnJQJ4AaABAg,353,12814
accident,Dude Perfect,Lightsaber Accident | OT 13,"Bonus points if you're still reading this! Comment if you want to see ""Willy Do It?"" Thanks for watching #Overtime13 Click here to learn more about Dude Perfect: ...",4MMdJHYHoiA,Why does this comment have 10K likes?,UgxB-X8saDjtdoBYlPl4AaABAg,81,10566
accident,Dude Perfect,Lightsaber Accident | OT 13,"Bonus points if you're still reading this! Comment if you want to see ""Willy Do It?"" Thanks for watching #Overtime13 Click here to learn more about Dude Perfect: ...",4MMdJHYHoiA,Who else is here just going through all of the OTs?,Ugz-RWnGfU4iGDude7B4AaABAg,35,634
accident,Dude Perfect,Lightsaber Accident | OT 13,"Bonus points if you're still reading this! Comment if you want to see ""Willy Do It?"" Thanks for watching #Overtime13 Click here to learn more about Dude Perfect: ...",4MMdJHYHoiA,I like how they are trying to act hyped about raid shadow legends üòÇ,Ugw8AW5kRKWp2Zl15Kt4AaABAg,16,514
accident,Dude Perfect,Lightsaber Accident | OT 13,"Bonus points if you're still reading this! Comment if you want to see ""Willy Do It?"" Thanks for watching #Overtime13 Click here to learn more about Dude Perfect: ...",4MMdJHYHoiA,"‚ÄúUr trying to prank your teacher‚Äù

*pulls out a gun*",UgyP1YDDk815qU-I3qB4AaABAg,33,343
accident,Dude Perfect,Lightsaber Accident | OT 13,"Bonus points if you're still reading this! Comment if you want to see ""Willy Do It?"" Thanks for watching #Overtime13 Click here to learn more about Dude Perfect: ...",4MMdJHYHoiA,"Ty: breaks tv and doesn‚Äôt get suspended 
Cory: doesn‚Äôt get a super cool and gets suspended",UgyjwN4J0G7RIepn3lt4AaABAg,6,220
accident,Dude Perfect,Lightsaber Accident | OT 13,"Bonus points if you're still reading this! Comment if you want to see ""Willy Do It?"" Thanks for watching #Overtime13 Click here to learn more about Dude Perfect: ...",4MMdJHYHoiA,"Me: ooh game room
Coby: we are playing raid sha-
Me: *spamming the skip ten seconds*

Edit: how the actual heck did I get over 800 likes in 2 days XD
Thanks guys üòÖüòÑ",Ugx5EDsH877ON83JAEl4AaABAg,16,858
accident,Dude Perfect,Lightsaber Accident | OT 13,"Bonus points if you're still reading this! Comment if you want to see ""Willy Do It?"" Thanks for watching #Overtime13 Click here to learn more about Dude Perfect: ...",4MMdJHYHoiA,"‚ÄúIn honor of 2020‚Äù 
Nobody should Honor that year ü§£",Ugzzu8wttQB4B1FQEjx4AaABAg,3,51
accident,Dude Perfect,Lightsaber Accident | OT 13,"Bonus points if you're still reading this! Comment if you want to see ""Willy Do It?"" Thanks for watching #Overtime13 Click here to learn more about Dude Perfect: ...",4MMdJHYHoiA,‚ÄúWe are going on a brand new tour with 30 cities‚Äù Me from the future ‚Äúnope‚Äù,UgwfzZacAKEV1aOeAaJ4AaABAg,1,75
accident,Dude Perfect,Lightsaber Accident | OT 13,"Bonus points if you're still reading this! Comment if you want to see ""Willy Do It?"" Thanks for watching #Overtime13 Click here to learn more about Dude Perfect: ...",4MMdJHYHoiA,that gamebox thins was easily one of the coolest things ive ever seen.,UgxnCu-V_txeFtA6gyx4AaABAg,0,5
accident,Dude Perfect,Lightsaber Accident | OT 13,"Bonus points if you're still reading this! Comment if you want to see ""Willy Do It?"" Thanks for watching #Overtime13 Click here to learn more about Dude Perfect: ...",4MMdJHYHoiA,‚Äú I would like to start 2020 of with a gift‚Äù it is something called COVID and its more than just a gift,UgyqGOX-grAg2grwRRJ4AaABAg,0,1
accident,Dude Perfect,Lightsaber Accident | OT 13,"Bonus points if you're still reading this! Comment if you want to see ""Willy Do It?"" Thanks for watching #Overtime13 Click here to learn more about Dude Perfect: ...",4MMdJHYHoiA,"If ‚ÄúWill he do it‚Äù does become an actual thing, I‚Äôll watch every single episode",UgyPnvDLAwdRJCiHJNZ4AaABAg,50,3229
accident,Dude Perfect,Lightsaber Accident | OT 13,"Bonus points if you're still reading this! Comment if you want to see ""Willy Do It?"" Thanks for watching #Overtime13 Click here to learn more about Dude Perfect: ...",4MMdJHYHoiA,"Garret: im more of a harry potter guy
Garret in another episode:Magic totally freaks me out",Ugx_1MoeqM887z5-ce54AaABAg,0,4
accident,Dude Perfect,Lightsaber Accident | OT 13,"Bonus points if you're still reading this! Comment if you want to see ""Willy Do It?"" Thanks for watching #Overtime13 Click here to learn more about Dude Perfect: ...",4MMdJHYHoiA,4:16 Cody: I‚Äôm shocked that your Instagram handle isn‚Äôt @TT,UgymT1vUQoW23sF_nc94AaABAg,1,31
accident,Dude Perfect,Lightsaber Accident | OT 13,"Bonus points if you're still reading this! Comment if you want to see ""Willy Do It?"" Thanks for watching #Overtime13 Click here to learn more about Dude Perfect: ...",4MMdJHYHoiA,imagine taylor swift actually watched this video...,UgzTbe4hXeLb-U948CB4AaABAg,1,18
accident,Dude Perfect,Lightsaber Accident | OT 13,"Bonus points if you're still reading this! Comment if you want to see ""Willy Do It?"" Thanks for watching #Overtime13 Click here to learn more about Dude Perfect: ...",4MMdJHYHoiA,"‚ÄúIn honor of 2020‚Äù
That didn‚Äôt age well did it.",UgyoFMtg1u-nloZ5NhB4AaABAg,0,47
accident,Dude Perfect,Lightsaber Accident | OT 13,"Bonus points if you're still reading this! Comment if you want to see ""Willy Do It?"" Thanks for watching #Overtime13 Click here to learn more about Dude Perfect: ...",4MMdJHYHoiA,Raid shadow legends ends at 10:55. you're welcome.,UgzFyvQ6Ihde7gqXNbd4AaABAg,124,3351
accident,Dude Perfect,Lightsaber Accident | OT 13,"Bonus points if you're still reading this! Comment if you want to see ""Willy Do It?"" Thanks for watching #Overtime13 Click here to learn more about Dude Perfect: ...",4MMdJHYHoiA,The fact that Coby went over budget by 100 dollars but Tyler broke a TV!! And Coby got punished ü§¶üèº‚Äç‚ôÄÔ∏è,UgxB0lURhif7jIjTl9R4AaABAg,1,29
accident,Dude Perfect,Lightsaber Accident | OT 13,"Bonus points if you're still reading this! Comment if you want to see ""Willy Do It?"" Thanks for watching #Overtime13 Click here to learn more about Dude Perfect: ...",4MMdJHYHoiA,"Me: oh they're playing raid shadow legends, time to go to wheel unfortunate",UgxI38JcQy3DPRbz9q94AaABAg,0,3
accident,Dude Perfect,Lightsaber Accident | OT 13,"Bonus points if you're still reading this! Comment if you want to see ""Willy Do It?"" Thanks for watching #Overtime13 Click here to learn more about Dude Perfect: ...",4MMdJHYHoiA,4:14 TT Breaking The TV,UgzDyvdPh48x-ckEwvF4AaABAg,7,74
accident,Silo Entertainment,Worst Airsoft Accidents üò≠- TOP 6 AIRSOFT WINS &amp; FAILS of all Time!,Business Inquiries & Contact: tom@silo-airsoft.com.,XOzWQQ0Xql4,Something new I'm trying. Let me know if you like it! Suggest videos and moments for me for this series!,UgxHPHmkK4YLcRhIgFx4AaABAg,470,6373
accident,Silo Entertainment,Worst Airsoft Accidents üò≠- TOP 6 AIRSOFT WINS &amp; FAILS of all Time!,Business Inquiries & Contact: tom@silo-airsoft.com.,XOzWQQ0Xql4,YOU WON'T BELIEVE NUMBER 4,UgxyzByi43HyCg6AS9N4AaABAg,125,2658
accident,Silo Entertainment,Worst Airsoft Accidents üò≠- TOP 6 AIRSOFT WINS &amp; FAILS of all Time!,Business Inquiries & Contact: tom@silo-airsoft.com.,XOzWQQ0Xql4,"""It's not full-auto, this is...""
shoots = *The sun is a deadly laser*",Ugy7L8RRfNWHLzNPqVR4AaABAg,2,38
accident,Silo Entertainment,Worst Airsoft Accidents üò≠- TOP 6 AIRSOFT WINS &amp; FAILS of all Time!,Business Inquiries & Contact: tom@silo-airsoft.com.,XOzWQQ0Xql4,"Nobody's born cool except of course 
People that don't get mad when you accidentally hurt them",UgyKduizCocDd6XHSkd4AaABAg,10,567
accident,Silo Entertainment,Worst Airsoft Accidents üò≠- TOP 6 AIRSOFT WINS &amp; FAILS of all Time!,Business Inquiries & Contact: tom@silo-airsoft.com.,XOzWQQ0Xql4,2:29 he looks like the wanted guy in the paper.,Ugyzi69A-QfUT_AqHjd4AaABAg,2,48
accident,Silo Entertainment,Worst Airsoft Accidents üò≠- TOP 6 AIRSOFT WINS &amp; FAILS of all Time!,Business Inquiries & Contact: tom@silo-airsoft.com.,XOzWQQ0Xql4,"1:16 ‚Äúit costs $400,000 to fire this thing for 10 seconds‚Äù",UgzYM0ylqWfdCZdbcfF4AaABAg,7,464
accident,Silo Entertainment,Worst Airsoft Accidents üò≠- TOP 6 AIRSOFT WINS &amp; FAILS of all Time!,Business Inquiries & Contact: tom@silo-airsoft.com.,XOzWQQ0Xql4,haha poop fart xd,UgxJmOcnN6WeWNtJ8-h4AaABAg,45,5312
accident,Silo Entertainment,Worst Airsoft Accidents üò≠- TOP 6 AIRSOFT WINS &amp; FAILS of all Time!,Business Inquiries & Contact: tom@silo-airsoft.com.,XOzWQQ0Xql4,5:57 he just forgot to press shift lmao thank for lieks,UgxS8oGkLPgTKZoxm6p4AaABAg,19,384
accident,Silo Entertainment,Worst Airsoft Accidents üò≠- TOP 6 AIRSOFT WINS &amp; FAILS of all Time!,Business Inquiries & Contact: tom@silo-airsoft.com.,XOzWQQ0Xql4,"rules in European schools: do not run in the hallways
Rules in American scholls: 1:10",UgzJraVcTI8v5_DW-dp4AaABAg,8,146
accident,Silo Entertainment,Worst Airsoft Accidents üò≠- TOP 6 AIRSOFT WINS &amp; FAILS of all Time!,Business Inquiries & Contact: tom@silo-airsoft.com.,XOzWQQ0Xql4,4:05 I love how this guy like actually dies look at him fall over,Ugy4iYVd812qTTC6vhF4AaABAg,5,141
accident,Silo Entertainment,Worst Airsoft Accidents üò≠- TOP 6 AIRSOFT WINS &amp; FAILS of all Time!,Business Inquiries & Contact: tom@silo-airsoft.com.,XOzWQQ0Xql4,6:22 that scene is like at Call Of Duty,Ugxk-9jFEbZV11U1jDZ4AaABAg,0,14
accident,Silo Entertainment,Worst Airsoft Accidents üò≠- TOP 6 AIRSOFT WINS &amp; FAILS of all Time!,Business Inquiries & Contact: tom@silo-airsoft.com.,XOzWQQ0Xql4,I love how genuine the guy was when he asked ‚Äùthats not full auto??‚Äù,UgxfMCyNYxAiTEL99kN4AaABAg,43,3139
accident,Silo Entertainment,Worst Airsoft Accidents üò≠- TOP 6 AIRSOFT WINS &amp; FAILS of all Time!,Business Inquiries & Contact: tom@silo-airsoft.com.,XOzWQQ0Xql4,"Him: ""Thats not full auto.""
Other dude: ""Its not?""
Him: ""No, This is.""
Gun: AAAAAAAAAA",UgzjlzKn89aru8V8Pyp4AaABAg,4,85
accident,Silo Entertainment,Worst Airsoft Accidents üò≠- TOP 6 AIRSOFT WINS &amp; FAILS of all Time!,Business Inquiries & Contact: tom@silo-airsoft.com.,XOzWQQ0Xql4,"""See's mud on ground but when he see's player from the other team, he is like frick this bois."" 7:27",UgyoBoq4K7YcdWSDO3l4AaABAg,0,0
accident,Silo Entertainment,Worst Airsoft Accidents üò≠- TOP 6 AIRSOFT WINS &amp; FAILS of all Time!,Business Inquiries & Contact: tom@silo-airsoft.com.,XOzWQQ0Xql4,"Silo: it's Airsoft
Youtube: nope COD",Ugyh75ii-CPiuEptw8d4AaABAg,0,1
accident,Silo Entertainment,Worst Airsoft Accidents üò≠- TOP 6 AIRSOFT WINS &amp; FAILS of all Time!,Business Inquiries & Contact: tom@silo-airsoft.com.,XOzWQQ0Xql4,"4:28
It looked like he was hit with a real bullet and died",UgwmLOwww5Do7xwG8eZ4AaABAg,1,6
accident,Silo Entertainment,Worst Airsoft Accidents üò≠- TOP 6 AIRSOFT WINS &amp; FAILS of all Time!,Business Inquiries & Contact: tom@silo-airsoft.com.,XOzWQQ0Xql4,"""That's not Full-Auto. This is.""
*Cuts to A-10 Warthog*",UgxhH4g_Up7PrV3B7al4AaABAg,30,5278
accident,Silo Entertainment,Worst Airsoft Accidents üò≠- TOP 6 AIRSOFT WINS &amp; FAILS of all Time!,Business Inquiries & Contact: tom@silo-airsoft.com.,XOzWQQ0Xql4,2:32 Is the the wanted one? he looks like him in the picture,UgzLKUS2aHuzP0cw79J4AaABAg,0,2
accident,Silo Entertainment,Worst Airsoft Accidents üò≠- TOP 6 AIRSOFT WINS &amp; FAILS of all Time!,Business Inquiries & Contact: tom@silo-airsoft.com.,XOzWQQ0Xql4,"5:54 ""hey you, you're finally awake..""",UgxjvVZKLBjNqh7W4fV4AaABAg,1,2
accident,Silo Entertainment,Worst Airsoft Accidents üò≠- TOP 6 AIRSOFT WINS &amp; FAILS of all Time!,Business Inquiries & Contact: tom@silo-airsoft.com.,XOzWQQ0Xql4,Plot twist: none of this is airsoft and its all real bullets,UgwFoROWr7CruMgQYXF4AaABAg,0,2
accident,ActorVarunPruthi,Two Boys Had A Bad Accident,Two Boys Had An Accident Instagram pe bhi apna pyaar aur support dena https://instagram.com/varun_pruthi Facebook: https://Facebook.com/ActorVarun ...,WX2pPsBo4YY,"Aap sab humesha poochte ho, Bhai kitna paisa hai tere paas?, Is Video main aapko pata chal jaega. Instagram pe bhi apna pyaar aur support dena: https://www.instagram.com/varun_pruthi/ Bahot saara pyaar aap sabko! Subscribe karke support dena",UgzoFVwoJG6gjFrNAUB4AaABAg,293,2454
accident,ActorVarunPruthi,Two Boys Had A Bad Accident,Two Boys Had An Accident Instagram pe bhi apna pyaar aur support dena https://instagram.com/varun_pruthi Facebook: https://Facebook.com/ActorVarun ...,WX2pPsBo4YY,Solid message well done üëç,Ugwh2FUN2Cet0RH2v2h4AaABAg,12,700
accident,ActorVarunPruthi,Two Boys Had A Bad Accident,Two Boys Had An Accident Instagram pe bhi apna pyaar aur support dena https://instagram.com/varun_pruthi Facebook: https://Facebook.com/ActorVarun ...,WX2pPsBo4YY,Any one watching on the last day of 2020 or 2021,Ugw16U6tx_H2Hz-Y4uh4AaABAg,0,6
accident,ActorVarunPruthi,Two Boys Had A Bad Accident,Two Boys Had An Accident Instagram pe bhi apna pyaar aur support dena https://instagram.com/varun_pruthi Facebook: https://Facebook.com/ActorVarun ...,WX2pPsBo4YY,This video you upload and the next day Danish vaii ki death ho gayiüò≠,UgydWBcCk7D-ll7VEDp4AaABAg,1,24
accident,ActorVarunPruthi,Two Boys Had A Bad Accident,Two Boys Had An Accident Instagram pe bhi apna pyaar aur support dena https://instagram.com/varun_pruthi Facebook: https://Facebook.com/ActorVarun ...,WX2pPsBo4YY,Thankyou so much for this video‚ù§Ô∏è,Ugz_AVul0LFQpV1x_DB4AaABAg,2,24
accident,ActorVarunPruthi,Two Boys Had A Bad Accident,Two Boys Had An Accident Instagram pe bhi apna pyaar aur support dena https://instagram.com/varun_pruthi Facebook: https://Facebook.com/ActorVarun ...,WX2pPsBo4YY,Happiness is an option when you have money.,UgwLnYJoyW-A7AiEhK94AaABAg,0,36
accident,ActorVarunPruthi,Two Boys Had A Bad Accident,Two Boys Had An Accident Instagram pe bhi apna pyaar aur support dena https://instagram.com/varun_pruthi Facebook: https://Facebook.com/ActorVarun ...,WX2pPsBo4YY,Bas Dua Me Yaad Rakhna,UgximYs1gwCdQ3hhWAd4AaABAg,2,72
accident,ActorVarunPruthi,Two Boys Had A Bad Accident,Two Boys Had An Accident Instagram pe bhi apna pyaar aur support dena https://instagram.com/varun_pruthi Facebook: https://Facebook.com/ActorVarun ...,WX2pPsBo4YY,Blessing is power of God üôå,Ugz-DLs39Ak4PfgkqNt4AaABAg,0,11
accident,ActorVarunPruthi,Two Boys Had A Bad Accident,Two Boys Had An Accident Instagram pe bhi apna pyaar aur support dena https://instagram.com/varun_pruthi Facebook: https://Facebook.com/ActorVarun ...,WX2pPsBo4YY,Money is created my men but blessings is created by god,UgxmhapnrLtzL0PWIGV4AaABAg,0,12
accident,ActorVarunPruthi,Two Boys Had A Bad Accident,Two Boys Had An Accident Instagram pe bhi apna pyaar aur support dena https://instagram.com/varun_pruthi Facebook: https://Facebook.com/ActorVarun ...,WX2pPsBo4YY,I truly love these kind of videos where you help poor people.,UgxLhpAVZV01MV_7l-N4AaABAg,0,8
accident,ActorVarunPruthi,Two Boys Had A Bad Accident,Two Boys Had An Accident Instagram pe bhi apna pyaar aur support dena https://instagram.com/varun_pruthi Facebook: https://Facebook.com/ActorVarun ...,WX2pPsBo4YY,U r awesome brother ü§ó,UgwH6IhatU9oK7lGfmN4AaABAg,0,8
accident,ActorVarunPruthi,Two Boys Had A Bad Accident,Two Boys Had An Accident Instagram pe bhi apna pyaar aur support dena https://instagram.com/varun_pruthi Facebook: https://Facebook.com/ActorVarun ...,WX2pPsBo4YY,Bhai....no words to sayüáÆüá≥,Ugys_TqQj2Mykj0tatl4AaABAg,7,143
accident,ActorVarunPruthi,Two Boys Had A Bad Accident,Two Boys Had An Accident Instagram pe bhi apna pyaar aur support dena https://instagram.com/varun_pruthi Facebook: https://Facebook.com/ActorVarun ...,WX2pPsBo4YY,Love you sir thank youüò¢üò¢üò¢üôèüôèüôè,UgwBRUueRQ9HKxggEZJ4AaABAg,0,8
accident,ActorVarunPruthi,Two Boys Had A Bad Accident,Two Boys Had An Accident Instagram pe bhi apna pyaar aur support dena https://instagram.com/varun_pruthi Facebook: https://Facebook.com/ActorVarun ...,WX2pPsBo4YY,Dua me hi dava he,UgzxlyYmzfKHI0Wzegx4AaABAg,0,4
accident,ActorVarunPruthi,Two Boys Had A Bad Accident,Two Boys Had An Accident Instagram pe bhi apna pyaar aur support dena https://instagram.com/varun_pruthi Facebook: https://Facebook.com/ActorVarun ...,WX2pPsBo4YY,I imagined this story within starting 1 minute,Ugy3RNw3pjvbyw-safp4AaABAg,0,29
accident,ActorVarunPruthi,Two Boys Had A Bad Accident,Two Boys Had An Accident Instagram pe bhi apna pyaar aur support dena https://instagram.com/varun_pruthi Facebook: https://Facebook.com/ActorVarun ...,WX2pPsBo4YY,"Very true thing, momey does'nt comes in front of blessings and",Ugw6KDCpvHKym1k5YYB4AaABAg,0,10
accident,ActorVarunPruthi,Two Boys Had A Bad Accident,Two Boys Had An Accident Instagram pe bhi apna pyaar aur support dena https://instagram.com/varun_pruthi Facebook: https://Facebook.com/ActorVarun ...,WX2pPsBo4YY,Jai shree ram,Ugw4wIJqUl-ZqDtZNch4AaABAg,0,15
accident,ActorVarunPruthi,Two Boys Had A Bad Accident,Two Boys Had An Accident Instagram pe bhi apna pyaar aur support dena https://instagram.com/varun_pruthi Facebook: https://Facebook.com/ActorVarun ...,WX2pPsBo4YY,Love you brother mera duwa aap ke sath hai god bless you ‚ù§ üíï üíû üíù,UgxQP0u9sg4NAqapwa14AaABAg,0,13
accident,ActorVarunPruthi,Two Boys Had A Bad Accident,Two Boys Had An Accident Instagram pe bhi apna pyaar aur support dena https://instagram.com/varun_pruthi Facebook: https://Facebook.com/ActorVarun ...,WX2pPsBo4YY,"Wow... Such a inspirational video üëå
Btw.. M your new sub ‚ù§Ô∏è",UgwzHNsZIJsw9tg5C9d4AaABAg,1,12
accident,ActorVarunPruthi,Two Boys Had A Bad Accident,Two Boys Had An Accident Instagram pe bhi apna pyaar aur support dena https://instagram.com/varun_pruthi Facebook: https://Facebook.com/ActorVarun ...,WX2pPsBo4YY,We can learn from the vedio,Ugxsr-C08d3gl2AuBAx4AaABAg,0,5
accident,The Best Compilations,Plane Crash Accidents -Airplane Crash,Aviation Disasters And Plane Crashes In History: Lauda Air Flight 004 - 223 dead: On 26 May 1991 flight 004 from Bangkok to Vienna broke up in the air near ...,3r9YlB1a5EI,"We‚Äôre literally watching the last minutes of some peoples lifes
R.I.P to all of them",UgyJV0KZdjoWfErK-8V4AaABAg,54,4648
accident,The Best Compilations,Plane Crash Accidents -Airplane Crash,Aviation Disasters And Plane Crashes In History: Lauda Air Flight 004 - 223 dead: On 26 May 1991 flight 004 from Bangkok to Vienna broke up in the air near ...,3r9YlB1a5EI,"While fascinating, it's heartbreaking to know you're watching the final fearful moments of someones life. Rest in peace to everyone involved.",UgxZti7dzXXZT_B5hSJ4AaABAg,10,633
accident,The Best Compilations,Plane Crash Accidents -Airplane Crash,Aviation Disasters And Plane Crashes In History: Lauda Air Flight 004 - 223 dead: On 26 May 1991 flight 004 from Bangkok to Vienna broke up in the air near ...,3r9YlB1a5EI,Rest In peace to everyone who passed away in any of these crashes.,UgyLBBlyYZXSttbCtk54AaABAg,10,634
accident,The Best Compilations,Plane Crash Accidents -Airplane Crash,Aviation Disasters And Plane Crashes In History: Lauda Air Flight 004 - 223 dead: On 26 May 1991 flight 004 from Bangkok to Vienna broke up in the air near ...,3r9YlB1a5EI,Fun fact = everyone searched for it,UgwRccHrrLuWDFsRx4Z4AaABAg,4,73
accident,The Best Compilations,Plane Crash Accidents -Airplane Crash,Aviation Disasters And Plane Crashes In History: Lauda Air Flight 004 - 223 dead: On 26 May 1991 flight 004 from Bangkok to Vienna broke up in the air near ...,3r9YlB1a5EI,0:47 the guy who planted the tree is in heaven,UgwSnCEweoYXbix4ZKp4AaABAg,1,69
accident,The Best Compilations,Plane Crash Accidents -Airplane Crash,Aviation Disasters And Plane Crashes In History: Lauda Air Flight 004 - 223 dead: On 26 May 1991 flight 004 from Bangkok to Vienna broke up in the air near ...,3r9YlB1a5EI,Rest in peace to all of the people who died on these flights.,UgxngDERi65fFIaA6x14AaABAg,61,4079
accident,The Best Compilations,Plane Crash Accidents -Airplane Crash,Aviation Disasters And Plane Crashes In History: Lauda Air Flight 004 - 223 dead: On 26 May 1991 flight 004 from Bangkok to Vienna broke up in the air near ...,3r9YlB1a5EI,This lady‚Äôs and gentleman is how I torture myself and raise my anxiety levels to untouched hightsüò≠,UgyZlRR-KqXvUawkR614AaABAg,9,403
accident,The Best Compilations,Plane Crash Accidents -Airplane Crash,Aviation Disasters And Plane Crashes In History: Lauda Air Flight 004 - 223 dead: On 26 May 1991 flight 004 from Bangkok to Vienna broke up in the air near ...,3r9YlB1a5EI,"""porn isnt allowed but heres a video of hundreds of people dying""",UgwhBArxAPOP7JNwVG54AaABAg,18,240
accident,The Best Compilations,Plane Crash Accidents -Airplane Crash,Aviation Disasters And Plane Crashes In History: Lauda Air Flight 004 - 223 dead: On 26 May 1991 flight 004 from Bangkok to Vienna broke up in the air near ...,3r9YlB1a5EI,"Fact: U searched for this video
OMG thanks for 41 likes!!!",UgwubTFhRu1masGxyXp4AaABAg,16,460
accident,The Best Compilations,Plane Crash Accidents -Airplane Crash,Aviation Disasters And Plane Crashes In History: Lauda Air Flight 004 - 223 dead: On 26 May 1991 flight 004 from Bangkok to Vienna broke up in the air near ...,3r9YlB1a5EI,5:39 looks like a middle finger,Ugww4biQP7UbbYMWEOl4AaABAg,2,40
accident,The Best Compilations,Plane Crash Accidents -Airplane Crash,Aviation Disasters And Plane Crashes In History: Lauda Air Flight 004 - 223 dead: On 26 May 1991 flight 004 from Bangkok to Vienna broke up in the air near ...,3r9YlB1a5EI,Quarantaine is doing some weird things with me,Ugygk18Pdr16T7-71wd4AaABAg,27,1915
accident,The Best Compilations,Plane Crash Accidents -Airplane Crash,Aviation Disasters And Plane Crashes In History: Lauda Air Flight 004 - 223 dead: On 26 May 1991 flight 004 from Bangkok to Vienna broke up in the air near ...,3r9YlB1a5EI,"For those of you worried about the people in 4:09, it was a test and there were no people in it. It was an unmanned plane and controlled by a remote.",UgyOXnJUQSp71tCs1At4AaABAg,12,111
accident,The Best Compilations,Plane Crash Accidents -Airplane Crash,Aviation Disasters And Plane Crashes In History: Lauda Air Flight 004 - 223 dead: On 26 May 1991 flight 004 from Bangkok to Vienna broke up in the air near ...,3r9YlB1a5EI,4:40 ‚Äú I cannot believe it ‚Äú,UgzDiGUNIXHqa8OWIF94AaABAg,3,56
accident,The Best Compilations,Plane Crash Accidents -Airplane Crash,Aviation Disasters And Plane Crashes In History: Lauda Air Flight 004 - 223 dead: On 26 May 1991 flight 004 from Bangkok to Vienna broke up in the air near ...,3r9YlB1a5EI,9:58 Ayo that worried me of that crash it looked like a explosion.,Ugy3mor8i0RZEcE2Aad4AaABAg,1,10
accident,The Best Compilations,Plane Crash Accidents -Airplane Crash,Aviation Disasters And Plane Crashes In History: Lauda Air Flight 004 - 223 dead: On 26 May 1991 flight 004 from Bangkok to Vienna broke up in the air near ...,3r9YlB1a5EI,RIP To everyone who died they are legends they will be remembered forever may their soul rest in peace üôèüôèüò≠üò≠,UgzhNx8ECI1V1HyzsGh4AaABAg,1,2
accident,The Best Compilations,Plane Crash Accidents -Airplane Crash,Aviation Disasters And Plane Crashes In History: Lauda Air Flight 004 - 223 dead: On 26 May 1991 flight 004 from Bangkok to Vienna broke up in the air near ...,3r9YlB1a5EI,me:*absolutely terrified of planes*                 my mind:‚Äù hey lets watch some videos of planes crashing‚Äù,UgzDj5L8vZfh9LStQi54AaABAg,49,1244
accident,The Best Compilations,Plane Crash Accidents -Airplane Crash,Aviation Disasters And Plane Crashes In History: Lauda Air Flight 004 - 223 dead: On 26 May 1991 flight 004 from Bangkok to Vienna broke up in the air near ...,3r9YlB1a5EI,"If it makes anyone feel better, some people didn‚Äôt die and just suffered injury",UgwcbaBz0QW6CSlYkMV4AaABAg,0,59
accident,The Best Compilations,Plane Crash Accidents -Airplane Crash,Aviation Disasters And Plane Crashes In History: Lauda Air Flight 004 - 223 dead: On 26 May 1991 flight 004 from Bangkok to Vienna broke up in the air near ...,3r9YlB1a5EI,"My eyes: Yes, explosions, destruction and awesomeness!
My brain: People were in the planesüòê",UgyvtQa1I0MSkysz7_x4AaABAg,3,113
accident,The Best Compilations,Plane Crash Accidents -Airplane Crash,Aviation Disasters And Plane Crashes In History: Lauda Air Flight 004 - 223 dead: On 26 May 1991 flight 004 from Bangkok to Vienna broke up in the air near ...,3r9YlB1a5EI,0:50 that tree saved their lives!,UgwAKV1p00oK2Y2uM1l4AaABAg,7,138
accident,The Best Compilations,Plane Crash Accidents -Airplane Crash,Aviation Disasters And Plane Crashes In History: Lauda Air Flight 004 - 223 dead: On 26 May 1991 flight 004 from Bangkok to Vienna broke up in the air near ...,3r9YlB1a5EI,"7:14 can you imagine being the pilot in there?? your airplane stalls, and all you see in front of you is the ground getting nearer and nearer, it's just a matter of seconds before you die inevitably. i want to know what the pilot thought and felt at the time, i really do.",UgxnXsMeQ__irHWLR8F4AaABAg,28,292
accident,MrZygy3,Excavator Accident Sink Underwater Heavy Recovery Kobelco SK200 Extended,"Excavator Accident Sink Underwater Heavy Recovery Kobelco SK200 Extended. This Kobelco SK200 was broken and under maintenance on the river site, then ...",uWUdZDOTdm0,Beautiful video. The operators have done a good job.,UgwUM3uDmnJYfCfRiUR4AaABAg,3,232
accident,MrZygy3,Excavator Accident Sink Underwater Heavy Recovery Kobelco SK200 Extended,"Excavator Accident Sink Underwater Heavy Recovery Kobelco SK200 Extended. This Kobelco SK200 was broken and under maintenance on the river site, then ...",uWUdZDOTdm0,My next paycheck i will buy a KOBELCO!!,UgztpnWdeo6jHAX9AEh4AaABAg,1,2
accident,MrZygy3,Excavator Accident Sink Underwater Heavy Recovery Kobelco SK200 Extended,"Excavator Accident Sink Underwater Heavy Recovery Kobelco SK200 Extended. This Kobelco SK200 was broken and under maintenance on the river site, then ...",uWUdZDOTdm0,Como que essa escavadeira foi parar ali?,Ugx_Dk1m-As33vdECXR4AaABAg,1,2
accident,MrZygy3,Excavator Accident Sink Underwater Heavy Recovery Kobelco SK200 Extended,"Excavator Accident Sink Underwater Heavy Recovery Kobelco SK200 Extended. This Kobelco SK200 was broken and under maintenance on the river site, then ...",uWUdZDOTdm0,Once the engine was clear just have a mechanic get it going and drive out,UgwSqzE9lvxNOVhEm9R4AaABAg,2,3
accident,MrZygy3,Excavator Accident Sink Underwater Heavy Recovery Kobelco SK200 Extended,"Excavator Accident Sink Underwater Heavy Recovery Kobelco SK200 Extended. This Kobelco SK200 was broken and under maintenance on the river site, then ...",uWUdZDOTdm0,That was an amazing operation by those guys and beautifully shot video.,UgxCwovmA7UnQjYmxkB4AaABAg,1,5
accident,MrZygy3,Excavator Accident Sink Underwater Heavy Recovery Kobelco SK200 Extended,"Excavator Accident Sink Underwater Heavy Recovery Kobelco SK200 Extended. This Kobelco SK200 was broken and under maintenance on the river site, then ...",uWUdZDOTdm0,awesome and good teamworks!,UgwKZMcFAeX8tcFRQfh4AaABAg,1,1
accident,MrZygy3,Excavator Accident Sink Underwater Heavy Recovery Kobelco SK200 Extended,"Excavator Accident Sink Underwater Heavy Recovery Kobelco SK200 Extended. This Kobelco SK200 was broken and under maintenance on the river site, then ...",uWUdZDOTdm0,"Well done, good job, all are great.",Ugy3ZUy6D546Rm8nayN4AaABAg,1,8
accident,MrZygy3,Excavator Accident Sink Underwater Heavy Recovery Kobelco SK200 Extended,"Excavator Accident Sink Underwater Heavy Recovery Kobelco SK200 Extended. This Kobelco SK200 was broken and under maintenance on the river site, then ...",uWUdZDOTdm0,Loving the drone footage. But overall filming was great.,UgxP1uSfp6v1NC2MVwB4AaABAg,2,1
accident,MrZygy3,Excavator Accident Sink Underwater Heavy Recovery Kobelco SK200 Extended,"Excavator Accident Sink Underwater Heavy Recovery Kobelco SK200 Extended. This Kobelco SK200 was broken and under maintenance on the river site, then ...",uWUdZDOTdm0,‡∏à‡πà‡∏°‡∏ô‡πâ‡∏≥‡∏≠‡∏¢‡∏∏‡πà‡πÅ‡∏ö‡∏ö‡∏ô‡∏µ‡πâ‡∏™‡∏á‡∏™‡∏±‡∏¢‡πÄ‡∏Ñ‡∏£‡∏∑‡πà‡∏≠‡∏á‡∏¢‡∏ô‡∏ï‡πå‡πÄ‡∏£‡∏µ‡∏¢‡∏ö‡∏£‡πâ‡∏≠‡∏¢‡πÅ‡∏•‡πâ‡∏ß‡∏ô‡∏∞‡∏ô‡∏µ‡πâ,UgwvE7XmVFxQD01l84l4AaABAg,0,1
accident,MrZygy3,Excavator Accident Sink Underwater Heavy Recovery Kobelco SK200 Extended,"Excavator Accident Sink Underwater Heavy Recovery Kobelco SK200 Extended. This Kobelco SK200 was broken and under maintenance on the river site, then ...",uWUdZDOTdm0,Buen trabajo,UgzaykKEl1RmAAAu1O54AaABAg,1,2
accident,MrZygy3,Excavator Accident Sink Underwater Heavy Recovery Kobelco SK200 Extended,"Excavator Accident Sink Underwater Heavy Recovery Kobelco SK200 Extended. This Kobelco SK200 was broken and under maintenance on the river site, then ...",uWUdZDOTdm0,Show a nother video of it fixed an running,UgxAWo0-36Zov3Pu3fB4AaABAg,1,1
accident,MrZygy3,Excavator Accident Sink Underwater Heavy Recovery Kobelco SK200 Extended,"Excavator Accident Sink Underwater Heavy Recovery Kobelco SK200 Extended. This Kobelco SK200 was broken and under maintenance on the river site, then ...",uWUdZDOTdm0,Ïïº! ÎäêÎÑ§Îì§ Ïû•ÎπÑÎ°ú Î¨ºÍ≥†Í∏∞ Ïû°ÏúºÎü¨ Îì§Ïñ¥Í∞îÏñ¥?,Ugws81oaaLG-K0U9gjB4AaABAg,1,9
accident,MrZygy3,Excavator Accident Sink Underwater Heavy Recovery Kobelco SK200 Extended,"Excavator Accident Sink Underwater Heavy Recovery Kobelco SK200 Extended. This Kobelco SK200 was broken and under maintenance on the river site, then ...",uWUdZDOTdm0,"Cant believe it started right up and drove off,  only needed a oil change",Ugwykv-SDpDZHXiv3j94AaABAg,2,16
accident,MrZygy3,Excavator Accident Sink Underwater Heavy Recovery Kobelco SK200 Extended,"Excavator Accident Sink Underwater Heavy Recovery Kobelco SK200 Extended. This Kobelco SK200 was broken and under maintenance on the river site, then ...",uWUdZDOTdm0,a lovely work from the resque guys,UgwoO0MovIZ7Uo7S1_F4AaABAg,1,1
accident,MrZygy3,Excavator Accident Sink Underwater Heavy Recovery Kobelco SK200 Extended,"Excavator Accident Sink Underwater Heavy Recovery Kobelco SK200 Extended. This Kobelco SK200 was broken and under maintenance on the river site, then ...",uWUdZDOTdm0,kobelco life time,Ugy6Oy48mipFPvDTVGl4AaABAg,1,1
accident,MrZygy3,Excavator Accident Sink Underwater Heavy Recovery Kobelco SK200 Extended,"Excavator Accident Sink Underwater Heavy Recovery Kobelco SK200 Extended. This Kobelco SK200 was broken and under maintenance on the river site, then ...",uWUdZDOTdm0,Ditarik mati memang berat. Masalahnya treknya ga bisa netral kayak mobil,UgzxOZLvD0WAP3EuHlN4AaABAg,1,1
accident,MrZygy3,Excavator Accident Sink Underwater Heavy Recovery Kobelco SK200 Extended,"Excavator Accident Sink Underwater Heavy Recovery Kobelco SK200 Extended. This Kobelco SK200 was broken and under maintenance on the river site, then ...",uWUdZDOTdm0,You  should have get a chain tie it to the bucket un pull it out would have been easier üëå,UgyfKC2eSfDpKyn1-Il4AaABAg,1,1
accident,MrZygy3,Excavator Accident Sink Underwater Heavy Recovery Kobelco SK200 Extended,"Excavator Accident Sink Underwater Heavy Recovery Kobelco SK200 Extended. This Kobelco SK200 was broken and under maintenance on the river site, then ...",uWUdZDOTdm0,Ngesake cak . Seng ati2 ojo ke ulang 2√ó,UgzR1Z1niD7xqdzHPK94AaABAg,2,4
accident,MrZygy3,Excavator Accident Sink Underwater Heavy Recovery Kobelco SK200 Extended,"Excavator Accident Sink Underwater Heavy Recovery Kobelco SK200 Extended. This Kobelco SK200 was broken and under maintenance on the river site, then ...",uWUdZDOTdm0,Nice filming. Thank you.,UgwwMhOboxw1U4cZ7bR4AaABAg,1,6
accident,MrZygy3,Excavator Accident Sink Underwater Heavy Recovery Kobelco SK200 Extended,"Excavator Accident Sink Underwater Heavy Recovery Kobelco SK200 Extended. This Kobelco SK200 was broken and under maintenance on the river site, then ...",uWUdZDOTdm0,Morning mas Sigit,UgxabcwGHZMu_ysIivV4AaABAg,1,3
accident,BeamNG-FUN,Train Close Calls &amp; Near-Miss Accidents | BeamNG.drive,Scenarios of close calls and near miss accidents at railroad crossings created using the BeamNG.drive physics simulation sandbox. About BeamNG-FUN: I have ...,oYoWYrowl7g,Ïò§Ïö∞ ÏûòÌîºÌï¥~~ ü§£ü§£üòÇüòÇ,UgyiVVlm7QV0uVUFy-p4AaABAg,89,155
accident,BeamNG-FUN,Train Close Calls &amp; Near-Miss Accidents | BeamNG.drive,Scenarios of close calls and near miss accidents at railroad crossings created using the BeamNG.drive physics simulation sandbox. About BeamNG-FUN: I have ...,oYoWYrowl7g,Hvv ccccc.,Ugyrzd1krSvjZ-Gk3yt4AaABAg,0,0
accident,BeamNG-FUN,Train Close Calls &amp; Near-Miss Accidents | BeamNG.drive,Scenarios of close calls and near miss accidents at railroad crossings created using the BeamNG.drive physics simulation sandbox. About BeamNG-FUN: I have ...,oYoWYrowl7g,ÏèòÎ¶¨,Ugw6YUtf2Rk3-GDzloV4AaABAg,10,66
accident,BeamNG-FUN,Train Close Calls &amp; Near-Miss Accidents | BeamNG.drive,Scenarios of close calls and near miss accidents at railroad crossings created using the BeamNG.drive physics simulation sandbox. About BeamNG-FUN: I have ...,oYoWYrowl7g,What is the name of the game,UgyDQCPq6I0xj1vySeF4AaABAg,1,0
accident,BeamNG-FUN,Train Close Calls &amp; Near-Miss Accidents | BeamNG.drive,Scenarios of close calls and near miss accidents at railroad crossings created using the BeamNG.drive physics simulation sandbox. About BeamNG-FUN: I have ...,oYoWYrowl7g,"Í≤ΩÏ∞∞Í≥º Í≤ΩÏ∞∞ ÏÇ¥Î¶¨Î†§Í≥†
Í∞êÎèô„Ö†„Ö†",UgzrmDNZ7Y9ltRLh8cB4AaABAg,12,18
accident,BeamNG-FUN,Train Close Calls &amp; Near-Miss Accidents | BeamNG.drive,Scenarios of close calls and near miss accidents at railroad crossings created using the BeamNG.drive physics simulation sandbox. About BeamNG-FUN: I have ...,oYoWYrowl7g,That's better! Finally a video without deaths!,UgwiPUFBNGFV6QKKjDJ4AaABAg,3,15
accident,BeamNG-FUN,Train Close Calls &amp; Near-Miss Accidents | BeamNG.drive,Scenarios of close calls and near miss accidents at railroad crossings created using the BeamNG.drive physics simulation sandbox. About BeamNG-FUN: I have ...,oYoWYrowl7g,"Mmnnnnmm. Hi
  
Foj. 




.mnkkioorwet.kjnjjk
O
I
oplmkjhhookc.KNVB by in high it",UgwYxnklQP4KnvVFbQV4AaABAg,0,0
accident,BeamNG-FUN,Train Close Calls &amp; Near-Miss Accidents | BeamNG.drive,Scenarios of close calls and near miss accidents at railroad crossings created using the BeamNG.drive physics simulation sandbox. About BeamNG-FUN: I have ...,oYoWYrowl7g,Whooo is the attached attachment mam,Ugxqjvi1ZgPS56AkOzl4AaABAg,1,0
accident,BeamNG-FUN,Train Close Calls &amp; Near-Miss Accidents | BeamNG.drive,Scenarios of close calls and near miss accidents at railroad crossings created using the BeamNG.drive physics simulation sandbox. About BeamNG-FUN: I have ...,oYoWYrowl7g,Caywk uehjeke gr jje,UgwaIMwLKQnDyZXZz794AaABAg,0,0
accident,BeamNG-FUN,Train Close Calls &amp; Near-Miss Accidents | BeamNG.drive,Scenarios of close calls and near miss accidents at railroad crossings created using the BeamNG.drive physics simulation sandbox. About BeamNG-FUN: I have ...,oYoWYrowl7g,Âä©„Åã„Çä„Åæ„Åô,UgyzlWRcGJhOHihCyFN4AaABAg,2,3
accident,BeamNG-FUN,Train Close Calls &amp; Near-Miss Accidents | BeamNG.drive,Scenarios of close calls and near miss accidents at railroad crossings created using the BeamNG.drive physics simulation sandbox. About BeamNG-FUN: I have ...,oYoWYrowl7g,Ÿá ÿßÿ™ŸàŸÜÿ∏.   Ÿâ. Ÿâ ÿ°ÿåx,Ugwre-NuhNEAcEAc5jt4AaABAg,0,1
accident,BeamNG-FUN,Train Close Calls &amp; Near-Miss Accidents | BeamNG.drive,Scenarios of close calls and near miss accidents at railroad crossings created using the BeamNG.drive physics simulation sandbox. About BeamNG-FUN: I have ...,oYoWYrowl7g,R≈ô‚Å∏,UgwtmcQkX_TIQ83lXQp4AaABAg,0,0
accident,BeamNG-FUN,Train Close Calls &amp; Near-Miss Accidents | BeamNG.drive,Scenarios of close calls and near miss accidents at railroad crossings created using the BeamNG.drive physics simulation sandbox. About BeamNG-FUN: I have ...,oYoWYrowl7g,0:52 that‚Äôs a true friend ü•∫,UgxCC7FfRM6u7S17kyx4AaABAg,0,9
accident,BeamNG-FUN,Train Close Calls &amp; Near-Miss Accidents | BeamNG.drive,Scenarios of close calls and near miss accidents at railroad crossings created using the BeamNG.drive physics simulation sandbox. About BeamNG-FUN: I have ...,oYoWYrowl7g,SSD √ßer√ßeve trf TV.  √Ç b.   Bu b            a aynƒ±mƒ± azz,Ugx76YcPOijyH14i1v94AaABAg,1,1
accident,BeamNG-FUN,Train Close Calls &amp; Near-Miss Accidents | BeamNG.drive,Scenarios of close calls and near miss accidents at railroad crossings created using the BeamNG.drive physics simulation sandbox. About BeamNG-FUN: I have ...,oYoWYrowl7g,"Wow, there's a lot of heroes",UgwxiQPjlzSYlrlVNKd4AaABAg,2,5
accident,BeamNG-FUN,Train Close Calls &amp; Near-Miss Accidents | BeamNG.drive,Scenarios of close calls and near miss accidents at railroad crossings created using the BeamNG.drive physics simulation sandbox. About BeamNG-FUN: I have ...,oYoWYrowl7g,.,Ugx7F1ZMYNbNExm5cRx4AaABAg,0,2
accident,BeamNG-FUN,Train Close Calls &amp; Near-Miss Accidents | BeamNG.drive,Scenarios of close calls and near miss accidents at railroad crossings created using the BeamNG.drive physics simulation sandbox. About BeamNG-FUN: I have ...,oYoWYrowl7g,0:29 The minivan driver prolly flipped off the other 2 vehicles as they drove by them.,UgxfgqTq4bi8-QJmKf14AaABAg,4,14
accident,BeamNG-FUN,Train Close Calls &amp; Near-Miss Accidents | BeamNG.drive,Scenarios of close calls and near miss accidents at railroad crossings created using the BeamNG.drive physics simulation sandbox. About BeamNG-FUN: I have ...,oYoWYrowl7g,ÌåîÎ∞±Ïù¥Ïã≠Ïùºx5,UgwIA26tDvRd9X3We814AaABAg,0,0
accident,BeamNG-FUN,Train Close Calls &amp; Near-Miss Accidents | BeamNG.drive,Scenarios of close calls and near miss accidents at railroad crossings created using the BeamNG.drive physics simulation sandbox. About BeamNG-FUN: I have ...,oYoWYrowl7g,map and train at 1:10? it looks cool,Ugy2O9xWWT34i1a5nxt4AaABAg,0,17
accident,BeamNG-FUN,Train Close Calls &amp; Near-Miss Accidents | BeamNG.drive,Scenarios of close calls and near miss accidents at railroad crossings created using the BeamNG.drive physics simulation sandbox. About BeamNG-FUN: I have ...,oYoWYrowl7g,1:28 Truck driver saves school bus,UgzjAdJzFObpsN9LTWN4AaABAg,2,17
accident,Taarak Mehta Ka Ooltah Chashmah,Jethalal Exposes Bhide&#39;s Little Accident to Madhavi | Taarak Mehta Ka Ooltah Chashmah | TMKOC Comedy,"We bring to you the best videos from your favorite show Taarak Mehta Ka Ooltah Chashmah. So, get your daily dose of laughter with Jethalal, Taarak Mehta, ...",OflJ_3j5JWA,"Sabzi India me sasti nahi, 
Monalisa kabhi hasti nahi, 
Koi ladki humse fasti nahi,
Goli beta masti nahi !!üòÇüòÇ",UgxrFppQCZGkJU0zESh4AaABAg,35,858
accident,Taarak Mehta Ka Ooltah Chashmah,Jethalal Exposes Bhide&#39;s Little Accident to Madhavi | Taarak Mehta Ka Ooltah Chashmah | TMKOC Comedy,"We bring to you the best videos from your favorite show Taarak Mehta Ka Ooltah Chashmah. So, get your daily dose of laughter with Jethalal, Taarak Mehta, ...",OflJ_3j5JWA,If Daya Does not return soon then bhide pariwaar will take over this show.,Ugy8KOoZxDhWYdHCBNB4AaABAg,26,518
accident,Taarak Mehta Ka Ooltah Chashmah,Jethalal Exposes Bhide&#39;s Little Accident to Madhavi | Taarak Mehta Ka Ooltah Chashmah | TMKOC Comedy,"We bring to you the best videos from your favorite show Taarak Mehta Ka Ooltah Chashmah. So, get your daily dose of laughter with Jethalal, Taarak Mehta, ...",OflJ_3j5JWA,"One like for JETHA JI üòçüòäüòç
""Heart üíì of the show."". ...",UgxIOqeqoLGKHC8nfGN4AaABAg,18,132
accident,Taarak Mehta Ka Ooltah Chashmah,Jethalal Exposes Bhide&#39;s Little Accident to Madhavi | Taarak Mehta Ka Ooltah Chashmah | TMKOC Comedy,"We bring to you the best videos from your favorite show Taarak Mehta Ka Ooltah Chashmah. So, get your daily dose of laughter with Jethalal, Taarak Mehta, ...",OflJ_3j5JWA,3:53 bhide's expression üòÇü§£,UgzkOxiHjF9Ykg48c_N4AaABAg,1,27
accident,Taarak Mehta Ka Ooltah Chashmah,Jethalal Exposes Bhide&#39;s Little Accident to Madhavi | Taarak Mehta Ka Ooltah Chashmah | TMKOC Comedy,"We bring to you the best videos from your favorite show Taarak Mehta Ka Ooltah Chashmah. So, get your daily dose of laughter with Jethalal, Taarak Mehta, ...",OflJ_3j5JWA,"All tmkoc characters are doing so much hard work for make us laugh 
So, for there hard work 1 like to benta hai üëç üòÉ",UgwAkgz2d7tMt9nnErV4AaABAg,0,22
accident,Taarak Mehta Ka Ooltah Chashmah,Jethalal Exposes Bhide&#39;s Little Accident to Madhavi | Taarak Mehta Ka Ooltah Chashmah | TMKOC Comedy,"We bring to you the best videos from your favorite show Taarak Mehta Ka Ooltah Chashmah. So, get your daily dose of laughter with Jethalal, Taarak Mehta, ...",OflJ_3j5JWA,4:00 ghar ghar ke kahani üòÇüòÇüòÇüòÇü§£ü§£,UgwjncJbTpKPh9EKcb94AaABAg,2,47
accident,Taarak Mehta Ka Ooltah Chashmah,Jethalal Exposes Bhide&#39;s Little Accident to Madhavi | Taarak Mehta Ka Ooltah Chashmah | TMKOC Comedy,"We bring to you the best videos from your favorite show Taarak Mehta Ka Ooltah Chashmah. So, get your daily dose of laughter with Jethalal, Taarak Mehta, ...",OflJ_3j5JWA,Man ki baat me agar jethiya bhi aajata to maza ata üòÇüòÇ,Ugwq_ZMdMcnwczAEu1h4AaABAg,0,72
accident,Taarak Mehta Ka Ooltah Chashmah,Jethalal Exposes Bhide&#39;s Little Accident to Madhavi | Taarak Mehta Ka Ooltah Chashmah | TMKOC Comedy,"We bring to you the best videos from your favorite show Taarak Mehta Ka Ooltah Chashmah. So, get your daily dose of laughter with Jethalal, Taarak Mehta, ...",OflJ_3j5JWA,Hilarious.. facial experssions r superb..,UgwqeVJ89YT_Z5d0LHd4AaABAg,0,15
accident,Taarak Mehta Ka Ooltah Chashmah,Jethalal Exposes Bhide&#39;s Little Accident to Madhavi | Taarak Mehta Ka Ooltah Chashmah | TMKOC Comedy,"We bring to you the best videos from your favorite show Taarak Mehta Ka Ooltah Chashmah. So, get your daily dose of laughter with Jethalal, Taarak Mehta, ...",OflJ_3j5JWA,0:42 üòÇlagaye,Ugwt7VNEo3WQtw9KnMd4AaABAg,0,15
accident,Taarak Mehta Ka Ooltah Chashmah,Jethalal Exposes Bhide&#39;s Little Accident to Madhavi | Taarak Mehta Ka Ooltah Chashmah | TMKOC Comedy,"We bring to you the best videos from your favorite show Taarak Mehta Ka Ooltah Chashmah. So, get your daily dose of laughter with Jethalal, Taarak Mehta, ...",OflJ_3j5JWA,2:51 nice scence haha,UgyrlT4fTiWGm4LnU6J4AaABAg,0,4
accident,Taarak Mehta Ka Ooltah Chashmah,Jethalal Exposes Bhide&#39;s Little Accident to Madhavi | Taarak Mehta Ka Ooltah Chashmah | TMKOC Comedy,"We bring to you the best videos from your favorite show Taarak Mehta Ka Ooltah Chashmah. So, get your daily dose of laughter with Jethalal, Taarak Mehta, ...",OflJ_3j5JWA,Silently Talking Mandvi and Bhide üòÇ,Ugy2LyEPdsVlPwkEyAN4AaABAg,0,3
accident,Taarak Mehta Ka Ooltah Chashmah,Jethalal Exposes Bhide&#39;s Little Accident to Madhavi | Taarak Mehta Ka Ooltah Chashmah | TMKOC Comedy,"We bring to you the best videos from your favorite show Taarak Mehta Ka Ooltah Chashmah. So, get your daily dose of laughter with Jethalal, Taarak Mehta, ...",OflJ_3j5JWA,This is me when I spell something and  hide it from my mother and my brother and sister tells it's to my mom,Ugw3XUOdHdxwXqc6JY14AaABAg,1,11
accident,Taarak Mehta Ka Ooltah Chashmah,Jethalal Exposes Bhide&#39;s Little Accident to Madhavi | Taarak Mehta Ka Ooltah Chashmah | TMKOC Comedy,"We bring to you the best videos from your favorite show Taarak Mehta Ka Ooltah Chashmah. So, get your daily dose of laughter with Jethalal, Taarak Mehta, ...",OflJ_3j5JWA,Iss show ko dekhte hi naturally hnsi aa jati h üòÇüòÇüòÇüòÇüòÇ,Ugy91P4EfWbZ90OkLot4AaABAg,68,1495
accident,Taarak Mehta Ka Ooltah Chashmah,Jethalal Exposes Bhide&#39;s Little Accident to Madhavi | Taarak Mehta Ka Ooltah Chashmah | TMKOC Comedy,"We bring to you the best videos from your favorite show Taarak Mehta Ka Ooltah Chashmah. So, get your daily dose of laughter with Jethalal, Taarak Mehta, ...",OflJ_3j5JWA,May our parents live longer than us!,UgxPQz5dzs6iSpG45QV4AaABAg,11,225
accident,Taarak Mehta Ka Ooltah Chashmah,Jethalal Exposes Bhide&#39;s Little Accident to Madhavi | Taarak Mehta Ka Ooltah Chashmah | TMKOC Comedy,"We bring to you the best videos from your favorite show Taarak Mehta Ka Ooltah Chashmah. So, get your daily dose of laughter with Jethalal, Taarak Mehta, ...",OflJ_3j5JWA,Ye kunsa episode hai please tell me‚ò∫Ô∏è,UgzodE4qLGpS_4hxcC14AaABAg,0,3
accident,Taarak Mehta Ka Ooltah Chashmah,Jethalal Exposes Bhide&#39;s Little Accident to Madhavi | Taarak Mehta Ka Ooltah Chashmah | TMKOC Comedy,"We bring to you the best videos from your favorite show Taarak Mehta Ka Ooltah Chashmah. So, get your daily dose of laughter with Jethalal, Taarak Mehta, ...",OflJ_3j5JWA,This is why every husband fears his wife,UgwyorHT82a83i3KWIx4AaABAg,7,65
accident,Taarak Mehta Ka Ooltah Chashmah,Jethalal Exposes Bhide&#39;s Little Accident to Madhavi | Taarak Mehta Ka Ooltah Chashmah | TMKOC Comedy,"We bring to you the best videos from your favorite show Taarak Mehta Ka Ooltah Chashmah. So, get your daily dose of laughter with Jethalal, Taarak Mehta, ...",OflJ_3j5JWA,2:44 at 2x speedü§£ü§£,Ugy5E87GsHqH4grwwKV4AaABAg,2,84
accident,Taarak Mehta Ka Ooltah Chashmah,Jethalal Exposes Bhide&#39;s Little Accident to Madhavi | Taarak Mehta Ka Ooltah Chashmah | TMKOC Comedy,"We bring to you the best videos from your favorite show Taarak Mehta Ka Ooltah Chashmah. So, get your daily dose of laughter with Jethalal, Taarak Mehta, ...",OflJ_3j5JWA,"Everybody appreciates Jetha for comedy or acting, yeah he's no less but, I like Bhide's acting and comedy very much",Ugw00jK46ojA095ArXR4AaABAg,0,1
accident,Taarak Mehta Ka Ooltah Chashmah,Jethalal Exposes Bhide&#39;s Little Accident to Madhavi | Taarak Mehta Ka Ooltah Chashmah | TMKOC Comedy,"We bring to you the best videos from your favorite show Taarak Mehta Ka Ooltah Chashmah. So, get your daily dose of laughter with Jethalal, Taarak Mehta, ...",OflJ_3j5JWA,"y jdy,hn^' ladies",Ugx6UwqoCw1BweKTcL94AaABAg,0,4
accident,Taarak Mehta Ka Ooltah Chashmah,Jethalal Exposes Bhide&#39;s Little Accident to Madhavi | Taarak Mehta Ka Ooltah Chashmah | TMKOC Comedy,"We bring to you the best videos from your favorite show Taarak Mehta Ka Ooltah Chashmah. So, get your daily dose of laughter with Jethalal, Taarak Mehta, ...",OflJ_3j5JWA,4:00 ü§£,Ugwh9i4K_tzxNlzB37F4AaABAg,0,3
accident,SmashChan,Train Accidents #3 - BeamNG DRIVE | SmashChan,"Hey all!!! Welcome to Train Accidents #3 - BeamNG DRIVE. In this video with have a special guest, ''The Evil Tractor''! Thanks for watching and I'll see all on ...",vwwx4SvjCPw,"Hey all! Meet the Evil Tractor in this video. Let me know if you would like to watch a full episode of the '' Evil Tractor''.
Thank you for watching and for supporting this channel. It means a lot üòä.
Don't forget to subscribe and click the bell.
I'll see you all again on Sunday üòâ",UgwfTwyntFoz8aAZn-Z4AaABAg,289,332
accident,SmashChan,Train Accidents #3 - BeamNG DRIVE | SmashChan,"Hey all!!! Welcome to Train Accidents #3 - BeamNG DRIVE. In this video with have a special guest, ''The Evil Tractor''! Thanks for watching and I'll see all on ...",vwwx4SvjCPw,wow this is dangerous,Ugy1Amwt4LSIEnmhlWx4AaABAg,0,7
accident,SmashChan,Train Accidents #3 - BeamNG DRIVE | SmashChan,"Hey all!!! Welcome to Train Accidents #3 - BeamNG DRIVE. In this video with have a special guest, ''The Evil Tractor''! Thanks for watching and I'll see all on ...",vwwx4SvjCPw,Soy el unico que abla espa√±ol,UgzQlCd-umm41o5zb0R4AaABAg,0,2
accident,SmashChan,Train Accidents #3 - BeamNG DRIVE | SmashChan,"Hey all!!! Welcome to Train Accidents #3 - BeamNG DRIVE. In this video with have a special guest, ''The Evil Tractor''! Thanks for watching and I'll see all on ...",vwwx4SvjCPw,You need to generally travel under 60 if you want realistic train accidents,UgzHA4NAJKMXtAEzl0R4AaABAg,1,9
accident,SmashChan,Train Accidents #3 - BeamNG DRIVE | SmashChan,"Hey all!!! Welcome to Train Accidents #3 - BeamNG DRIVE. In this video with have a special guest, ''The Evil Tractor''! Thanks for watching and I'll see all on ...",vwwx4SvjCPw,I cant get this game because I‚Äôm on console,Ugynhj9Jbe1g1_D7Sl14AaABAg,0,1
accident,SmashChan,Train Accidents #3 - BeamNG DRIVE | SmashChan,"Hey all!!! Welcome to Train Accidents #3 - BeamNG DRIVE. In this video with have a special guest, ''The Evil Tractor''! Thanks for watching and I'll see all on ...",vwwx4SvjCPw,I love your channel,UgzCdobTy3ulmts2iA54AaABAg,0,2
accident,SmashChan,Train Accidents #3 - BeamNG DRIVE | SmashChan,"Hey all!!! Welcome to Train Accidents #3 - BeamNG DRIVE. In this video with have a special guest, ''The Evil Tractor''! Thanks for watching and I'll see all on ...",vwwx4SvjCPw,3:50,Ugy_4P8F_BGwyKVbl8B4AaABAg,0,3
accident,SmashChan,Train Accidents #3 - BeamNG DRIVE | SmashChan,"Hey all!!! Welcome to Train Accidents #3 - BeamNG DRIVE. In this video with have a special guest, ''The Evil Tractor''! Thanks for watching and I'll see all on ...",vwwx4SvjCPw,What Is app?,UgyG5vpcUbKpUg5SMn94AaABAg,0,2
accident,SmashChan,Train Accidents #3 - BeamNG DRIVE | SmashChan,"Hey all!!! Welcome to Train Accidents #3 - BeamNG DRIVE. In this video with have a special guest, ''The Evil Tractor''! Thanks for watching and I'll see all on ...",vwwx4SvjCPw,Dessert you I ar,UgxyTjMqBOoDFQ5JRF54AaABAg,0,0
accident,SmashChan,Train Accidents #3 - BeamNG DRIVE | SmashChan,"Hey all!!! Welcome to Train Accidents #3 - BeamNG DRIVE. In this video with have a special guest, ''The Evil Tractor''! Thanks for watching and I'll see all on ...",vwwx4SvjCPw,hola smach chan,UgypCO78d1SPTwvBlIx4AaABAg,0,2
accident,SmashChan,Train Accidents #3 - BeamNG DRIVE | SmashChan,"Hey all!!! Welcome to Train Accidents #3 - BeamNG DRIVE. In this video with have a special guest, ''The Evil Tractor''! Thanks for watching and I'll see all on ...",vwwx4SvjCPw,JoJo's girlfriend,UgxMgFHxAczvEJZWUn94AaABAg,0,1
accident,SmashChan,Train Accidents #3 - BeamNG DRIVE | SmashChan,"Hey all!!! Welcome to Train Accidents #3 - BeamNG DRIVE. In this video with have a special guest, ''The Evil Tractor''! Thanks for watching and I'll see all on ...",vwwx4SvjCPw,omg üòØ,Ugw_1ujz852Ic4SZUjR4AaABAg,0,1
accident,SmashChan,Train Accidents #3 - BeamNG DRIVE | SmashChan,"Hey all!!! Welcome to Train Accidents #3 - BeamNG DRIVE. In this video with have a special guest, ''The Evil Tractor''! Thanks for watching and I'll see all on ...",vwwx4SvjCPw,The gast and furious reference tho,UgxrH0EjR7cAr9epGJB4AaABAg,0,4
accident,SmashChan,Train Accidents #3 - BeamNG DRIVE | SmashChan,"Hey all!!! Welcome to Train Accidents #3 - BeamNG DRIVE. In this video with have a special guest, ''The Evil Tractor''! Thanks for watching and I'll see all on ...",vwwx4SvjCPw,5:11 Onion pacific locomotive from union pacific,UgyZ2y-39ANLOKfVFzV4AaABAg,1,4
accident,SmashChan,Train Accidents #3 - BeamNG DRIVE | SmashChan,"Hey all!!! Welcome to Train Accidents #3 - BeamNG DRIVE. In this video with have a special guest, ''The Evil Tractor''! Thanks for watching and I'll see all on ...",vwwx4SvjCPw,Good video,UgyuWareKcpdfl0QQv54AaABAg,0,0
accident,SmashChan,Train Accidents #3 - BeamNG DRIVE | SmashChan,"Hey all!!! Welcome to Train Accidents #3 - BeamNG DRIVE. In this video with have a special guest, ''The Evil Tractor''! Thanks for watching and I'll see all on ...",vwwx4SvjCPw,1:34,UgxFAPFBN1UTrcU_9l94AaABAg,0,4
accident,SmashChan,Train Accidents #3 - BeamNG DRIVE | SmashChan,"Hey all!!! Welcome to Train Accidents #3 - BeamNG DRIVE. In this video with have a special guest, ''The Evil Tractor''! Thanks for watching and I'll see all on ...",vwwx4SvjCPw,3:40 scene I loved,Ugx6_otZ-KaVCwaD8FJ4AaABAg,1,4
accident,SmashChan,Train Accidents #3 - BeamNG DRIVE | SmashChan,"Hey all!!! Welcome to Train Accidents #3 - BeamNG DRIVE. In this video with have a special guest, ''The Evil Tractor''! Thanks for watching and I'll see all on ...",vwwx4SvjCPw,"Train accidents..?
More like Train purposes!",UgxFaLdxTux9iSBsyvR4AaABAg,4,17
accident,SmashChan,Train Accidents #3 - BeamNG DRIVE | SmashChan,"Hey all!!! Welcome to Train Accidents #3 - BeamNG DRIVE. In this video with have a special guest, ''The Evil Tractor''! Thanks for watching and I'll see all on ...",vwwx4SvjCPw,The Evil Tractor Gets Crushed on BeamNG Drive.,Ugxj48aOKJxn9kgtTdN4AaABAg,0,3
accident,SmashChan,Train Accidents #3 - BeamNG DRIVE | SmashChan,"Hey all!!! Welcome to Train Accidents #3 - BeamNG DRIVE. In this video with have a special guest, ''The Evil Tractor''! Thanks for watching and I'll see all on ...",vwwx4SvjCPw,6:29 Fast and Furious,UgzekrPxfplHOBrT7V14AaABAg,0,2
accident,–°–ü–ï–¶–ü–ê–†–¢–ù–ï–† SPECPARTNER,Terrible Truck Accidents Crashes Part 1 | 18+,disaster #Truckcar #collisions #Accident #NewYork #truck #crash https://specpartner.ru/ –ê—Ä–µ–Ω–¥–∞ –°–ø–µ—Ü—Ç–µ—Ö–Ω–∏–∫–∏ —Å –¥–µ–π—Å—Ç–≤–∏—Ç–µ–ª—å–Ω–æ –æ–ø—ã—Ç–Ω—ã–º–∏ –æ–ø–µ—Ä–∞—Ç–æ—Ä–∞–º–∏.,oUWQ-Th2Gto,2:57 why HORN???,Ugxun4rXvNufrl2J2Zx4AaABAg,51,392
accident,–°–ü–ï–¶–ü–ê–†–¢–ù–ï–† SPECPARTNER,Terrible Truck Accidents Crashes Part 1 | 18+,disaster #Truckcar #collisions #Accident #NewYork #truck #crash https://specpartner.ru/ –ê—Ä–µ–Ω–¥–∞ –°–ø–µ—Ü—Ç–µ—Ö–Ω–∏–∫–∏ —Å –¥–µ–π—Å—Ç–≤–∏—Ç–µ–ª—å–Ω–æ –æ–ø—ã—Ç–Ω—ã–º–∏ –æ–ø–µ—Ä–∞—Ç–æ—Ä–∞–º–∏.,oUWQ-Th2Gto,"3:57 This is why the road rules in most countries forbid overtaking at intersections.  But the moron filming it kept going, even as the truck started to pull out :rollseyes:",Ugyz31J7CzD4e1GW1Rd4AaABAg,0,8
accident,–°–ü–ï–¶–ü–ê–†–¢–ù–ï–† SPECPARTNER,Terrible Truck Accidents Crashes Part 1 | 18+,disaster #Truckcar #collisions #Accident #NewYork #truck #crash https://specpartner.ru/ –ê—Ä–µ–Ω–¥–∞ –°–ø–µ—Ü—Ç–µ—Ö–Ω–∏–∫–∏ —Å –¥–µ–π—Å—Ç–≤–∏—Ç–µ–ª—å–Ω–æ –æ–ø—ã—Ç–Ω—ã–º–∏ –æ–ø–µ—Ä–∞—Ç–æ—Ä–∞–º–∏.,oUWQ-Th2Gto,"*viewrs discretion advised* 
Me : "" hehe boi"" üòÇ
Sorry",Ugw2boN1kzcB8-KfUht4AaABAg,0,14
accident,–°–ü–ï–¶–ü–ê–†–¢–ù–ï–† SPECPARTNER,Terrible Truck Accidents Crashes Part 1 | 18+,disaster #Truckcar #collisions #Accident #NewYork #truck #crash https://specpartner.ru/ –ê—Ä–µ–Ω–¥–∞ –°–ø–µ—Ü—Ç–µ—Ö–Ω–∏–∫–∏ —Å –¥–µ–π—Å—Ç–≤–∏—Ç–µ–ª—å–Ω–æ –æ–ø—ã—Ç–Ω—ã–º–∏ –æ–ø–µ—Ä–∞—Ç–æ—Ä–∞–º–∏.,oUWQ-Th2Gto,"3:31 ""Feel Louie""",Ugz4Bnbtm4HRn75TFjB4AaABAg,0,11
accident,–°–ü–ï–¶–ü–ê–†–¢–ù–ï–† SPECPARTNER,Terrible Truck Accidents Crashes Part 1 | 18+,disaster #Truckcar #collisions #Accident #NewYork #truck #crash https://specpartner.ru/ –ê—Ä–µ–Ω–¥–∞ –°–ø–µ—Ü—Ç–µ—Ö–Ω–∏–∫–∏ —Å –¥–µ–π—Å—Ç–≤–∏—Ç–µ–ª—å–Ω–æ –æ–ø—ã—Ç–Ω—ã–º–∏ –æ–ø–µ—Ä–∞—Ç–æ—Ä–∞–º–∏.,oUWQ-Th2Gto,4:33 Quick maneuver and keeping it calm saved them.,Ugxu1R0zSv3BYDZP1Pt4AaABAg,0,6
accident,–°–ü–ï–¶–ü–ê–†–¢–ù–ï–† SPECPARTNER,Terrible Truck Accidents Crashes Part 1 | 18+,disaster #Truckcar #collisions #Accident #NewYork #truck #crash https://specpartner.ru/ –ê—Ä–µ–Ω–¥–∞ –°–ø–µ—Ü—Ç–µ—Ö–Ω–∏–∫–∏ —Å –¥–µ–π—Å—Ç–≤–∏—Ç–µ–ª—å–Ω–æ –æ–ø—ã—Ç–Ω—ã–º–∏ –æ–ø–µ—Ä–∞—Ç–æ—Ä–∞–º–∏.,oUWQ-Th2Gto,"*""V"" to Flip your car*",Ugyz79lVvX1W3T7oBgd4AaABAg,1,5
accident,–°–ü–ï–¶–ü–ê–†–¢–ù–ï–† SPECPARTNER,Terrible Truck Accidents Crashes Part 1 | 18+,disaster #Truckcar #collisions #Accident #NewYork #truck #crash https://specpartner.ru/ –ê—Ä–µ–Ω–¥–∞ –°–ø–µ—Ü—Ç–µ—Ö–Ω–∏–∫–∏ —Å –¥–µ–π—Å—Ç–≤–∏—Ç–µ–ª—å–Ω–æ –æ–ø—ã—Ç–Ω—ã–º–∏ –æ–ø–µ—Ä–∞—Ç–æ—Ä–∞–º–∏.,oUWQ-Th2Gto,10:52 Pedestrian is like: 'F**k this crossing!',Ugxr1O988ZOuq_z-57Z4AaABAg,0,6
accident,–°–ü–ï–¶–ü–ê–†–¢–ù–ï–† SPECPARTNER,Terrible Truck Accidents Crashes Part 1 | 18+,disaster #Truckcar #collisions #Accident #NewYork #truck #crash https://specpartner.ru/ –ê—Ä–µ–Ω–¥–∞ –°–ø–µ—Ü—Ç–µ—Ö–Ω–∏–∫–∏ —Å –¥–µ–π—Å—Ç–≤–∏—Ç–µ–ª—å–Ω–æ –æ–ø—ã—Ç–Ω—ã–º–∏ –æ–ø–µ—Ä–∞—Ç–æ—Ä–∞–º–∏.,oUWQ-Th2Gto,"@1:40 is a sneak peek at the new Matrix film entitled The Matrix, Intoxication.",UgxAMd8fN6tfa3EEgOV4AaABAg,0,4
accident,–°–ü–ï–¶–ü–ê–†–¢–ù–ï–† SPECPARTNER,Terrible Truck Accidents Crashes Part 1 | 18+,disaster #Truckcar #collisions #Accident #NewYork #truck #crash https://specpartner.ru/ –ê—Ä–µ–Ω–¥–∞ –°–ø–µ—Ü—Ç–µ—Ö–Ω–∏–∫–∏ —Å –¥–µ–π—Å—Ç–≤–∏—Ç–µ–ª—å–Ω–æ –æ–ø—ã—Ç–Ω—ã–º–∏ –æ–ø–µ—Ä–∞—Ç–æ—Ä–∞–º–∏.,oUWQ-Th2Gto,"Truckers driving too fast, uneven loads and just plain carelessness combined with people who shouldn't be behind the wheel of a car.",Ugw14Zlqh5LFYUyQbMl4AaABAg,5,103
accident,–°–ü–ï–¶–ü–ê–†–¢–ù–ï–† SPECPARTNER,Terrible Truck Accidents Crashes Part 1 | 18+,disaster #Truckcar #collisions #Accident #NewYork #truck #crash https://specpartner.ru/ –ê—Ä–µ–Ω–¥–∞ –°–ø–µ—Ü—Ç–µ—Ö–Ω–∏–∫–∏ —Å –¥–µ–π—Å—Ç–≤–∏—Ç–µ–ª—å–Ω–æ –æ–ø—ã—Ç–Ω—ã–º–∏ –æ–ø–µ—Ä–∞—Ç–æ—Ä–∞–º–∏.,oUWQ-Th2Gto,14:04 RIP HEADPHONE USERS,Ugxhca18cGaawR177ip4AaABAg,0,4
accident,–°–ü–ï–¶–ü–ê–†–¢–ù–ï–† SPECPARTNER,Terrible Truck Accidents Crashes Part 1 | 18+,disaster #Truckcar #collisions #Accident #NewYork #truck #crash https://specpartner.ru/ –ê—Ä–µ–Ω–¥–∞ –°–ø–µ—Ü—Ç–µ—Ö–Ω–∏–∫–∏ —Å –¥–µ–π—Å—Ç–≤–∏—Ç–µ–ª—å–Ω–æ –æ–ø—ã—Ç–Ω—ã–º–∏ –æ–ø–µ—Ä–∞—Ç–æ—Ä–∞–º–∏.,oUWQ-Th2Gto,"""There are no mistakes""
-Master Oogway",Ugw0xdGc2IolqHEn7jx4AaABAg,4,6
accident,–°–ü–ï–¶–ü–ê–†–¢–ù–ï–† SPECPARTNER,Terrible Truck Accidents Crashes Part 1 | 18+,disaster #Truckcar #collisions #Accident #NewYork #truck #crash https://specpartner.ru/ –ê—Ä–µ–Ω–¥–∞ –°–ø–µ—Ü—Ç–µ—Ö–Ω–∏–∫–∏ —Å –¥–µ–π—Å—Ç–≤–∏—Ç–µ–ª—å–Ω–æ –æ–ø—ã—Ç–Ω—ã–º–∏ –æ–ø–µ—Ä–∞—Ç–æ—Ä–∞–º–∏.,oUWQ-Th2Gto,"3:11
Oh dear",UgxQLD0pwYz2h5iDtHB4AaABAg,0,8
accident,–°–ü–ï–¶–ü–ê–†–¢–ù–ï–† SPECPARTNER,Terrible Truck Accidents Crashes Part 1 | 18+,disaster #Truckcar #collisions #Accident #NewYork #truck #crash https://specpartner.ru/ –ê—Ä–µ–Ω–¥–∞ –°–ø–µ—Ü—Ç–µ—Ö–Ω–∏–∫–∏ —Å –¥–µ–π—Å—Ç–≤–∏—Ç–µ–ª—å–Ω–æ –æ–ø—ã—Ç–Ω—ã–º–∏ –æ–ø–µ—Ä–∞—Ç–æ—Ä–∞–º–∏.,oUWQ-Th2Gto,"""Amazing, absolutely amazing""",Ugz_9TjzLitTHw2mjFB4AaABAg,0,3
accident,–°–ü–ï–¶–ü–ê–†–¢–ù–ï–† SPECPARTNER,Terrible Truck Accidents Crashes Part 1 | 18+,disaster #Truckcar #collisions #Accident #NewYork #truck #crash https://specpartner.ru/ –ê—Ä–µ–Ω–¥–∞ –°–ø–µ—Ü—Ç–µ—Ö–Ω–∏–∫–∏ —Å –¥–µ–π—Å—Ç–≤–∏—Ç–µ–ª—å–Ω–æ –æ–ø—ã—Ç–Ω—ã–º–∏ –æ–ø–µ—Ä–∞—Ç–æ—Ä–∞–º–∏.,oUWQ-Th2Gto,Just ponder: these people have several thousand ICBMs. Put this into perspective. (!),UgxLE4CSRCu3ucWYmUd4AaABAg,2,4
accident,–°–ü–ï–¶–ü–ê–†–¢–ù–ï–† SPECPARTNER,Terrible Truck Accidents Crashes Part 1 | 18+,disaster #Truckcar #collisions #Accident #NewYork #truck #crash https://specpartner.ru/ –ê—Ä–µ–Ω–¥–∞ –°–ø–µ—Ü—Ç–µ—Ö–Ω–∏–∫–∏ —Å –¥–µ–π—Å—Ç–≤–∏—Ç–µ–ª—å–Ω–æ –æ–ø—ã—Ç–Ω—ã–º–∏ –æ–ø–µ—Ä–∞—Ç–æ—Ä–∞–º–∏.,oUWQ-Th2Gto,24:00 HOW IS NO ONE TALKING ABOUT THE LITTLE BOY CLIMBING FROM UNDERNEATH THE SEMI TRAILER UNBELIEVABLY!!!!,UgzAhK6RrSzTIEPFwqF4AaABAg,5,76
accident,–°–ü–ï–¶–ü–ê–†–¢–ù–ï–† SPECPARTNER,Terrible Truck Accidents Crashes Part 1 | 18+,disaster #Truckcar #collisions #Accident #NewYork #truck #crash https://specpartner.ru/ –ê—Ä–µ–Ω–¥–∞ –°–ø–µ—Ü—Ç–µ—Ö–Ω–∏–∫–∏ —Å –¥–µ–π—Å—Ç–≤–∏—Ç–µ–ª—å–Ω–æ –æ–ø—ã—Ç–Ω—ã–º–∏ –æ–ø–µ—Ä–∞—Ç–æ—Ä–∞–º–∏.,oUWQ-Th2Gto,I was laughing my booty off when the beat drop at the same time the trailer flipped,UgzymslE3TPG54D6AZJ4AaABAg,0,1
accident,–°–ü–ï–¶–ü–ê–†–¢–ù–ï–† SPECPARTNER,Terrible Truck Accidents Crashes Part 1 | 18+,disaster #Truckcar #collisions #Accident #NewYork #truck #crash https://specpartner.ru/ –ê—Ä–µ–Ω–¥–∞ –°–ø–µ—Ü—Ç–µ—Ö–Ω–∏–∫–∏ —Å –¥–µ–π—Å—Ç–≤–∏—Ç–µ–ª—å–Ω–æ –æ–ø—ã—Ç–Ω—ã–º–∏ –æ–ø–µ—Ä–∞—Ç–æ—Ä–∞–º–∏.,oUWQ-Th2Gto,3:55 Might want to check your shorts after that one üòÇ,UgxABIdCozUFjn-JZ4B4AaABAg,0,1
accident,–°–ü–ï–¶–ü–ê–†–¢–ù–ï–† SPECPARTNER,Terrible Truck Accidents Crashes Part 1 | 18+,disaster #Truckcar #collisions #Accident #NewYork #truck #crash https://specpartner.ru/ –ê—Ä–µ–Ω–¥–∞ –°–ø–µ—Ü—Ç–µ—Ö–Ω–∏–∫–∏ —Å –¥–µ–π—Å—Ç–≤–∏—Ç–µ–ª—å–Ω–æ –æ–ø—ã—Ç–Ω—ã–º–∏ –æ–ø–µ—Ä–∞—Ç–æ—Ä–∞–º–∏.,oUWQ-Th2Gto,"0:19 - ""your Hay Bale delivery have arrived, sir""",Ugwt-NcDkESFWARc4Lx4AaABAg,0,9
accident,–°–ü–ï–¶–ü–ê–†–¢–ù–ï–† SPECPARTNER,Terrible Truck Accidents Crashes Part 1 | 18+,disaster #Truckcar #collisions #Accident #NewYork #truck #crash https://specpartner.ru/ –ê—Ä–µ–Ω–¥–∞ –°–ø–µ—Ü—Ç–µ—Ö–Ω–∏–∫–∏ —Å –¥–µ–π—Å—Ç–≤–∏—Ç–µ–ª—å–Ω–æ –æ–ø—ã—Ç–Ω—ã–º–∏ –æ–ø–µ—Ä–∞—Ç–æ—Ä–∞–º–∏.,oUWQ-Th2Gto,"""1:06""
Yeah I've been getting paid daily with *p p l o n c a s h . x y z*
I'm making over $961 a week with them! 


ŒµŒØŒΩŒ±Œπ Œ≠ŒΩŒ± ŒµœÅŒ≥Œ±ŒµŒØŒø ŒµœÅœÉŒØŒ±œÇ Œ≥ŒπŒ± œåŒª",UgxZeqTXZF7xn_NSuex4AaABAg,0,0
accident,–°–ü–ï–¶–ü–ê–†–¢–ù–ï–† SPECPARTNER,Terrible Truck Accidents Crashes Part 1 | 18+,disaster #Truckcar #collisions #Accident #NewYork #truck #crash https://specpartner.ru/ –ê—Ä–µ–Ω–¥–∞ –°–ø–µ—Ü—Ç–µ—Ö–Ω–∏–∫–∏ —Å –¥–µ–π—Å—Ç–≤–∏—Ç–µ–ª—å–Ω–æ –æ–ø—ã—Ç–Ω—ã–º–∏ –æ–ø–µ—Ä–∞—Ç–æ—Ä–∞–º–∏.,oUWQ-Th2Gto,3:18 he‚Äôs dead r.i.p.,UgyM3ORvPemgx3_pMm94AaABAg,2,6
accident,Let Me Explain Studios,My Terrible Mouth Accident,That time I royally messed up my teeth when I was three years old! Eddie's Channel: https://www.youtube.com/user/eddache Megan Maher: ...,o2fwg4RnBfU,"Rebecca's dad and sister: *panicking about the inccident and situation*

Rebecca: *sings old mc donald*

(Favorite moment XD)",UgyhKh7AV6cSUxQNrEd4AaABAg,58,4369
accident,Let Me Explain Studios,My Terrible Mouth Accident,That time I royally messed up my teeth when I was three years old! Eddie's Channel: https://www.youtube.com/user/eddache Megan Maher: ...,o2fwg4RnBfU,*‚ÄúYoung Becca never got to arrest the wild bandits‚Äù*,Ugxey8wCEF9y_LHT3QB4AaABAg,16,434
accident,Let Me Explain Studios,My Terrible Mouth Accident,That time I royally messed up my teeth when I was three years old! Eddie's Channel: https://www.youtube.com/user/eddache Megan Maher: ...,o2fwg4RnBfU,"‚ÄúBut none of the *parham* children ever fell out of that play fort‚Äù

Huh... I hope it was jaco",UgzF1CrW-3FkWK947TN4AaABAg,3,120
accident,Let Me Explain Studios,My Terrible Mouth Accident,That time I royally messed up my teeth when I was three years old! Eddie's Channel: https://www.youtube.com/user/eddache Megan Maher: ...,o2fwg4RnBfU,"Nobody:

Not a single little kid:

Becca while her mouth is gushing out blood: Ol‚Äô McDonald had a farm, ...",UgzOd3yQppGxhnh7exp4AaABAg,0,52
accident,Let Me Explain Studios,My Terrible Mouth Accident,That time I royally messed up my teeth when I was three years old! Eddie's Channel: https://www.youtube.com/user/eddache Megan Maher: ...,o2fwg4RnBfU,"‚ÄúMy dad pulled my arm out of my socket‚Äù 
Yeah, he did that on accident.",Ugxx1KxpHccUZRGdcIl4AaABAg,2,43
accident,Let Me Explain Studios,My Terrible Mouth Accident,That time I royally messed up my teeth when I was three years old! Eddie's Channel: https://www.youtube.com/user/eddache Megan Maher: ...,o2fwg4RnBfU,P0St IT NotES!!!,UgwxqXqCJhWX7wph9H14AaABAg,194,2700
accident,Let Me Explain Studios,My Terrible Mouth Accident,That time I royally messed up my teeth when I was three years old! Eddie's Channel: https://www.youtube.com/user/eddache Megan Maher: ...,o2fwg4RnBfU,I can't believe that she actually just showed a little someone called gingerpale,Ugy29b6U1MfbqTMqTC54AaABAg,0,21
accident,Let Me Explain Studios,My Terrible Mouth Accident,That time I royally messed up my teeth when I was three years old! Eddie's Channel: https://www.youtube.com/user/eddache Megan Maher: ...,o2fwg4RnBfU,"Let me explain studios: BRAVE SOULS

Me being scared of flys: yeah r u SURE",UgwqQorvLaFfBHapSu14AaABAg,1,15
accident,Let Me Explain Studios,My Terrible Mouth Accident,That time I royally messed up my teeth when I was three years old! Eddie's Channel: https://www.youtube.com/user/eddache Megan Maher: ...,o2fwg4RnBfU,"‚ÄúMy mouth is a trainwreck!‚Äù


Dont worry rebecca your not alone!",UgweP3TpkrFSCwT0mU14AaABAg,2,18
accident,Let Me Explain Studios,My Terrible Mouth Accident,That time I royally messed up my teeth when I was three years old! Eddie's Channel: https://www.youtube.com/user/eddache Megan Maher: ...,o2fwg4RnBfU,I like when she said ‚ÄúMore rebound than a kickball‚Äù she got hit by the kickball xd,UgxP7szSZ39lvIOGU614AaABAg,6,53
accident,Let Me Explain Studios,My Terrible Mouth Accident,That time I royally messed up my teeth when I was three years old! Eddie's Channel: https://www.youtube.com/user/eddache Megan Maher: ...,o2fwg4RnBfU,I guess TheAmaazing could use post-it notes if he ever decides to talk about an eye injury story lol,Ugz7CDeU082qH3wUnTp4AaABAg,139,4017
accident,Let Me Explain Studios,My Terrible Mouth Accident,That time I royally messed up my teeth when I was three years old! Eddie's Channel: https://www.youtube.com/user/eddache Megan Maher: ...,o2fwg4RnBfU,My dad also pulled my arm out of my socket when he was trying to put my sweater on me.,UgyRR5ME_gguZICI2j94AaABAg,0,5
accident,Let Me Explain Studios,My Terrible Mouth Accident,That time I royally messed up my teeth when I was three years old! Eddie's Channel: https://www.youtube.com/user/eddache Megan Maher: ...,o2fwg4RnBfU,"Rebecca : my teeth is hurt.... 
Rebecca's dad and sister : Panicking about? 
Sing :Old Mc Doland",Ugxg94sSnuJ3PBIt0HV4AaABAg,1,8
accident,Let Me Explain Studios,My Terrible Mouth Accident,That time I royally messed up my teeth when I was three years old! Eddie's Channel: https://www.youtube.com/user/eddache Megan Maher: ...,o2fwg4RnBfU,"Rebecca : I need to see a therapist 
The therapist: why 
Rebecca : I lost me head",UgxGFS69elt8YM-DOup4AaABAg,1,21
accident,Let Me Explain Studios,My Terrible Mouth Accident,That time I royally messed up my teeth when I was three years old! Eddie's Channel: https://www.youtube.com/user/eddache Megan Maher: ...,o2fwg4RnBfU,"‚ÄúMy mouth was a train wreck‚Äù
I feel ya girl ü•≤",UgxcD4rwMv3HPJ6o08B4AaABAg,0,27
accident,Let Me Explain Studios,My Terrible Mouth Accident,That time I royally messed up my teeth when I was three years old! Eddie's Channel: https://www.youtube.com/user/eddache Megan Maher: ...,o2fwg4RnBfU,"_sings while mouth is bleeding_
 üòÉüòÑüòÉ",UgwOmihJRPHBxGV0Ybp4AaABAg,147,7045
accident,Let Me Explain Studios,My Terrible Mouth Accident,That time I royally messed up my teeth when I was three years old! Eddie's Channel: https://www.youtube.com/user/eddache Megan Maher: ...,o2fwg4RnBfU,"Me: hears the word "" porch swing""*

Me again: **I dont like how this is going*",UgzaJ7D21jO56AxxkPZ4AaABAg,0,56
accident,Let Me Explain Studios,My Terrible Mouth Accident,That time I royally messed up my teeth when I was three years old! Eddie's Channel: https://www.youtube.com/user/eddache Megan Maher: ...,o2fwg4RnBfU,Rebecca: *Bleeding her guts out* *starts singing old mcdonald like it's the last time she will sing*,UgxaB3DPL_idInlYGi94AaABAg,2,14
accident,Let Me Explain Studios,My Terrible Mouth Accident,That time I royally messed up my teeth when I was three years old! Eddie's Channel: https://www.youtube.com/user/eddache Megan Maher: ...,o2fwg4RnBfU,"dude, seriously, my teth felt weird while she was explaining her accident lol",Ugwbxr1lreGCxPdEM6t4AaABAg,0,3
accident,Let Me Explain Studios,My Terrible Mouth Accident,That time I royally messed up my teeth when I was three years old! Eddie's Channel: https://www.youtube.com/user/eddache Megan Maher: ...,o2fwg4RnBfU,Rebecca's Dad: this is not the time Rebecca shut up the entire face is bleeding 4:15,UgwtYyrDLwGVe5IVu894AaABAg,0,22
accident,Zee Music Company,"Sunny Leone - Lovely Accident - Official Music Video | Taposh , Krushna | JAM8",Singers - Taposh & Harjot Kaur Music - Kaushik Akash Guddu (KAG) For Jam8 Lyrics - Shloke Lal Music Production - Bharat Goel & Kaushik Das Additional ...,uFfcjTPjgc8,"Who is here after watching the kapil sharma showüòÇ
Edit :- unexpected. Thank for so many likes",UgyMeFB6d0Z9u6zWUtd4AaABAg,181,1027
accident,Zee Music Company,"Sunny Leone - Lovely Accident - Official Music Video | Taposh , Krushna | JAM8",Singers - Taposh & Harjot Kaur Music - Kaushik Akash Guddu (KAG) For Jam8 Lyrics - Shloke Lal Music Production - Bharat Goel & Kaushik Das Additional ...,uFfcjTPjgc8,Who came here from the kapil sharma show,UgzsQFbF_2MMueI88814AaABAg,41,337
accident,Zee Music Company,"Sunny Leone - Lovely Accident - Official Music Video | Taposh , Krushna | JAM8",Singers - Taposh & Harjot Kaur Music - Kaushik Akash Guddu (KAG) For Jam8 Lyrics - Shloke Lal Music Production - Bharat Goel & Kaushik Das Additional ...,uFfcjTPjgc8,Kon kon kapil shrma show dekh kr yha aaya hai ü§£üòÇüòÇ,UgyRGepGsBo0ZwxH6aV4AaABAg,3,44
accident,Zee Music Company,"Sunny Leone - Lovely Accident - Official Music Video | Taposh , Krushna | JAM8",Singers - Taposh & Harjot Kaur Music - Kaushik Akash Guddu (KAG) For Jam8 Lyrics - Shloke Lal Music Production - Bharat Goel & Kaushik Das Additional ...,uFfcjTPjgc8,Kon kon kapil ka show sa aaya hai like kro üëçüëç,UgzExnJYm--T5AWwuMd4AaABAg,1,24
accident,Zee Music Company,"Sunny Leone - Lovely Accident - Official Music Video | Taposh , Krushna | JAM8",Singers - Taposh & Harjot Kaur Music - Kaushik Akash Guddu (KAG) For Jam8 Lyrics - Shloke Lal Music Production - Bharat Goel & Kaushik Das Additional ...,uFfcjTPjgc8,Watching after promotion song on  Kapil Sharma show's,UgynWkD6usoV2Cz5MYF4AaABAg,3,29
accident,Zee Music Company,"Sunny Leone - Lovely Accident - Official Music Video | Taposh , Krushna | JAM8",Singers - Taposh & Harjot Kaur Music - Kaushik Akash Guddu (KAG) For Jam8 Lyrics - Shloke Lal Music Production - Bharat Goel & Kaushik Das Additional ...,uFfcjTPjgc8,Taposh BangladeshI Singer‚ù§Ô∏èüáßüá©üáßüá©‚ù§Ô∏è,UgzDXgdpzg0Gq6nD75J4AaABAg,0,19
accident,Zee Music Company,"Sunny Leone - Lovely Accident - Official Music Video | Taposh , Krushna | JAM8",Singers - Taposh & Harjot Kaur Music - Kaushik Akash Guddu (KAG) For Jam8 Lyrics - Shloke Lal Music Production - Bharat Goel & Kaushik Das Additional ...,uFfcjTPjgc8,Who's come here after watching Kapil Sharma show,UgxL6E-ov4PgIt4UlDZ4AaABAg,0,22
accident,Zee Music Company,"Sunny Leone - Lovely Accident - Official Music Video | Taposh , Krushna | JAM8",Singers - Taposh & Harjot Kaur Music - Kaushik Akash Guddu (KAG) For Jam8 Lyrics - Shloke Lal Music Production - Bharat Goel & Kaushik Das Additional ...,uFfcjTPjgc8,"I am here after watching kapai show , ü§£
Today .. who else??",UgwQNDcg1cwZo99sGM14AaABAg,2,19
accident,Zee Music Company,"Sunny Leone - Lovely Accident - Official Music Video | Taposh , Krushna | JAM8",Singers - Taposh & Harjot Kaur Music - Kaushik Akash Guddu (KAG) For Jam8 Lyrics - Shloke Lal Music Production - Bharat Goel & Kaushik Das Additional ...,uFfcjTPjgc8,Kapil sharma show dekhne ke baad ane wale like ‚ù§ kare,UgzdlMTkHP1XtdqugeZ4AaABAg,0,20
accident,Zee Music Company,"Sunny Leone - Lovely Accident - Official Music Video | Taposh , Krushna | JAM8",Singers - Taposh & Harjot Kaur Music - Kaushik Akash Guddu (KAG) For Jam8 Lyrics - Shloke Lal Music Production - Bharat Goel & Kaushik Das Additional ...,uFfcjTPjgc8,Kapil ke show k baad aaye wo bande like hereüëáüëáüëá,UgwyQc213wAEqF95PDd4AaABAg,0,29
accident,Zee Music Company,"Sunny Leone - Lovely Accident - Official Music Video | Taposh , Krushna | JAM8",Singers - Taposh & Harjot Kaur Music - Kaushik Akash Guddu (KAG) For Jam8 Lyrics - Shloke Lal Music Production - Bharat Goel & Kaushik Das Additional ...,uFfcjTPjgc8,Who else watching this after the Kapil Sharma show!!!!!!!¬°!!!!!!‚úã‚úã‚úã‚úã‚úã‚úã‚úã,Ugx3SMOOUTOXJAA9MY54AaABAg,1,19
accident,Zee Music Company,"Sunny Leone - Lovely Accident - Official Music Video | Taposh , Krushna | JAM8",Singers - Taposh & Harjot Kaur Music - Kaushik Akash Guddu (KAG) For Jam8 Lyrics - Shloke Lal Music Production - Bharat Goel & Kaushik Das Additional ...,uFfcjTPjgc8,Kon kon kapil sharma show dekhne ke baad aya hai,UgzqucODZDEtaxO634F4AaABAg,0,18
accident,Zee Music Company,"Sunny Leone - Lovely Accident - Official Music Video | Taposh , Krushna | JAM8",Singers - Taposh & Harjot Kaur Music - Kaushik Akash Guddu (KAG) For Jam8 Lyrics - Shloke Lal Music Production - Bharat Goel & Kaushik Das Additional ...,uFfcjTPjgc8,Kapil ki show ki baad kon kon aaya hai ye song dekhne like karoüëåüëåüôèüôèüëå,UgxJgw2ZHnLWvj_x9Xh4AaABAg,6,45
accident,Zee Music Company,"Sunny Leone - Lovely Accident - Official Music Video | Taposh , Krushna | JAM8",Singers - Taposh & Harjot Kaur Music - Kaushik Akash Guddu (KAG) For Jam8 Lyrics - Shloke Lal Music Production - Bharat Goel & Kaushik Das Additional ...,uFfcjTPjgc8,"‡¶§‡¶æ‡¶™‡¶∂ ‡¶≠‡¶æ‡¶á ‡¶¨‡¶æ‡¶Ç‡¶≤‡¶æ‡¶¶‡ßá‡¶∂‡ßá‡¶∞ ‡¶è‡¶ï ‡¶¨‡¶ø‡¶∞‡¶≤ ‡¶™‡ßç‡¶∞‡¶§‡¶ø‡¶≠‡¶æ,.. ‡¶∏‡ßá ‡¶Ø‡ßá‡¶®‡ßã ‡¶¶‡ßá‡¶∂‡ßá‡¶∞ ‡¶¨‡¶æ‡¶á‡¶∞‡ßá ‡¶®‡¶æ ‡¶Ø‡¶æ‡ßü ‡¶∏‡¶¨‡¶æ‡¶á ‡¶ñ‡ßá‡ßü‡¶æ‡¶≤ ‡¶∞‡¶æ‡¶ñ‡¶¨‡¶øüòòüòë
 ‡¶∏‡ßÅ‡¶§‡ßç‡¶∞‡ßá‡¶É ‡¶ï‡¶¨‡¶ø‡¶ó‡ßÅ‡¶∞‡ßÅ ‡¶∞‡¶¨‡ßÄ‡¶®‡ßç‡¶¶‡ßç‡¶∞‡¶®‡¶æ‡¶• ‡¶†‡¶æ‡¶ï‡ßÅ‡¶∞ üôÇ",UgxrCdGMtYYqbMayGFN4AaABAg,0,1
accident,Zee Music Company,"Sunny Leone - Lovely Accident - Official Music Video | Taposh , Krushna | JAM8",Singers - Taposh & Harjot Kaur Music - Kaushik Akash Guddu (KAG) For Jam8 Lyrics - Shloke Lal Music Production - Bharat Goel & Kaushik Das Additional ...,uFfcjTPjgc8,Who came here after watching kapil sharma show?,UgwHXZTdXE7XIgG2KZ94AaABAg,1,21
accident,Zee Music Company,"Sunny Leone - Lovely Accident - Official Music Video | Taposh , Krushna | JAM8",Singers - Taposh & Harjot Kaur Music - Kaushik Akash Guddu (KAG) For Jam8 Lyrics - Shloke Lal Music Production - Bharat Goel & Kaushik Das Additional ...,uFfcjTPjgc8,after kapil sharma show,Ugzaj9iSTqnKQrM-dPN4AaABAg,0,21
accident,Zee Music Company,"Sunny Leone - Lovely Accident - Official Music Video | Taposh , Krushna | JAM8",Singers - Taposh & Harjot Kaur Music - Kaushik Akash Guddu (KAG) For Jam8 Lyrics - Shloke Lal Music Production - Bharat Goel & Kaushik Das Additional ...,uFfcjTPjgc8,Came here after seeing it in kapil sharma show,UgxREpk01QboAqC_D1V4AaABAg,2,15
accident,Zee Music Company,"Sunny Leone - Lovely Accident - Official Music Video | Taposh , Krushna | JAM8",Singers - Taposh & Harjot Kaur Music - Kaushik Akash Guddu (KAG) For Jam8 Lyrics - Shloke Lal Music Production - Bharat Goel & Kaushik Das Additional ...,uFfcjTPjgc8,who came after watch kapil sharma show?,Ugy0CsBTPiCWS8lxt7B4AaABAg,3,20
accident,Zee Music Company,"Sunny Leone - Lovely Accident - Official Music Video | Taposh , Krushna | JAM8",Singers - Taposh & Harjot Kaur Music - Kaushik Akash Guddu (KAG) For Jam8 Lyrics - Shloke Lal Music Production - Bharat Goel & Kaushik Das Additional ...,uFfcjTPjgc8,Kaun kaun Kapil ke show ke baad aaya hai like thoko üî•,UgynYhMJiPiDyfJi23p4AaABAg,0,33
accident,Zee Music Company,"Sunny Leone - Lovely Accident - Official Music Video | Taposh , Krushna | JAM8",Singers - Taposh & Harjot Kaur Music - Kaushik Akash Guddu (KAG) For Jam8 Lyrics - Shloke Lal Music Production - Bharat Goel & Kaushik Das Additional ...,uFfcjTPjgc8,Here after watching kapil sharma show,Ugyq1BwCH7JBxtJ1RGF4AaABAg,6,19
